,Features,Accuracy
0,"Parvimonas_micra                 0.132049
Gemella_morbillorum              0.082325
Fusobacterium_nucleatum          0.082763
Peptostreptococcus_stomatis      0.086358
Dialister_pneumosintes           0.062344
Peptostreptococcus_anaerobius    0.047238
Selenomonas_sputigena            0.059958
Lactobacillus_rogosae            0.039503
Roseburia_faecis                 0.038293
Prevotella_nigrescens            0.056767
Ruminococcus_torques             0.056035
Alloprevotella_tannerae          0.065243
Prevotella_intermedia            0.047899
Streptococcus_anginosus          0.034571
Monoglobus_pectinilyticus        0.030004
Clostridium_saccharolyticum      0.026576
Dorea_longicatena                0.052074
dtype: float64",0.7894736842105263
1,"Parvimonas_micra                 0.106762
Gemella_morbillorum              0.111445
Fusobacterium_nucleatum          0.104165
Peptostreptococcus_stomatis      0.101838
Dialister_pneumosintes           0.043530
Peptostreptococcus_anaerobius    0.043896
Selenomonas_sputigena            0.049166
Lactobacillus_rogosae            0.041372
Roseburia_faecis                 0.032212
Prevotella_nigrescens            0.026754
Ruminococcus_torques             0.046243
Alloprevotella_tannerae          0.079069
Prevotella_intermedia            0.039098
Streptococcus_anginosus          0.040526
Monoglobus_pectinilyticus        0.049311
Clostridium_saccharolyticum      0.043833
Dorea_longicatena                0.040780
dtype: float64",0.7631578947368421
2,"Parvimonas_micra                 0.127621
Gemella_morbillorum              0.098557
Fusobacterium_nucleatum          0.121201
Peptostreptococcus_stomatis      0.105168
Dialister_pneumosintes           0.042414
Peptostreptococcus_anaerobius    0.040467
Selenomonas_sputigena            0.056160
Lactobacillus_rogosae            0.044532
Roseburia_faecis                 0.044620
Prevotella_nigrescens            0.041396
Ruminococcus_torques             0.042921
Alloprevotella_tannerae          0.059660
Prevotella_intermedia            0.029681
Streptococcus_anginosus          0.037604
Monoglobus_pectinilyticus        0.034478
Clostridium_saccharolyticum      0.032798
Dorea_longicatena                0.040721
dtype: float64",0.8421052631578947
3,"Parvimonas_micra                 0.086360
Gemella_morbillorum              0.125922
Fusobacterium_nucleatum          0.147421
Peptostreptococcus_stomatis      0.080196
Dialister_pneumosintes           0.036637
Peptostreptococcus_anaerobius    0.039133
Selenomonas_sputigena            0.040634
Lactobacillus_rogosae            0.052161
Roseburia_faecis                 0.053661
Prevotella_nigrescens            0.036721
Ruminococcus_torques             0.042446
Alloprevotella_tannerae          0.067950
Prevotella_intermedia            0.033896
Streptococcus_anginosus          0.031821
Monoglobus_pectinilyticus        0.036582
Clostridium_saccharolyticum      0.034726
Dorea_longicatena                0.053733
dtype: float64",0.8026315789473685
4,"Parvimonas_micra                 0.086442
Gemella_morbillorum              0.099184
Fusobacterium_nucleatum          0.106628
Peptostreptococcus_stomatis      0.084849
Dialister_pneumosintes           0.043906
Peptostreptococcus_anaerobius    0.049728
Selenomonas_sputigena            0.062868
Lactobacillus_rogosae            0.038963
Roseburia_faecis                 0.078132
Prevotella_nigrescens            0.055032
Ruminococcus_torques             0.050905
Alloprevotella_tannerae          0.060527
Prevotella_intermedia            0.043975
Streptococcus_anginosus          0.033204
Monoglobus_pectinilyticus        0.032944
Clostridium_saccharolyticum      0.035313
Dorea_longicatena                0.037399
dtype: float64",0.8157894736842105
5,"Parvimonas_micra                 0.088757
Gemella_morbillorum              0.100944
Fusobacterium_nucleatum          0.079691
Peptostreptococcus_stomatis      0.066378
Dialister_pneumosintes           0.047192
Peptostreptococcus_anaerobius    0.045444
Selenomonas_sputigena            0.038348
Lactobacillus_rogosae            0.057878
Roseburia_faecis                 0.061849
Prevotella_nigrescens            0.038636
Ruminococcus_torques             0.054338
Alloprevotella_tannerae          0.086854
Prevotella_intermedia            0.038428
Streptococcus_anginosus          0.041381
Monoglobus_pectinilyticus        0.037446
Clostridium_saccharolyticum      0.046741
Dorea_longicatena                0.069694
dtype: float64",0.7894736842105263
6,"Parvimonas_micra                 0.090953
Gemella_morbillorum              0.137831
Fusobacterium_nucleatum          0.078065
Peptostreptococcus_stomatis      0.108236
Dialister_pneumosintes           0.050646
Peptostreptococcus_anaerobius    0.043094
Selenomonas_sputigena            0.040294
Lactobacillus_rogosae            0.033242
Roseburia_faecis                 0.046830
Prevotella_nigrescens            0.033375
Ruminococcus_torques             0.062172
Alloprevotella_tannerae          0.063779
Prevotella_intermedia            0.033329
Streptococcus_anginosus          0.045422
Monoglobus_pectinilyticus        0.029326
Clostridium_saccharolyticum      0.045402
Dorea_longicatena                0.058006
dtype: float64",0.8157894736842105
7,"Parvimonas_micra                 0.111265
Gemella_morbillorum              0.107490
Fusobacterium_nucleatum          0.107206
Peptostreptococcus_stomatis      0.081540
Dialister_pneumosintes           0.046248
Peptostreptococcus_anaerobius    0.026735
Selenomonas_sputigena            0.049113
Lactobacillus_rogosae            0.039720
Roseburia_faecis                 0.042109
Prevotella_nigrescens            0.037309
Ruminococcus_torques             0.051806
Alloprevotella_tannerae          0.093494
Prevotella_intermedia            0.040141
Streptococcus_anginosus          0.031571
Monoglobus_pectinilyticus        0.030782
Clostridium_saccharolyticum      0.043134
Dorea_longicatena                0.060337
dtype: float64",0.8157894736842105
8,"Parvimonas_micra                 0.096598
Gemella_morbillorum              0.080242
Fusobacterium_nucleatum          0.117062
Peptostreptococcus_stomatis      0.076948
Dialister_pneumosintes           0.061473
Peptostreptococcus_anaerobius    0.070034
Selenomonas_sputigena            0.026618
Lactobacillus_rogosae            0.066975
Roseburia_faecis                 0.071074
Prevotella_nigrescens            0.035807
Ruminococcus_torques             0.033180
Alloprevotella_tannerae          0.055974
Prevotella_intermedia            0.042128
Streptococcus_anginosus          0.053078
Monoglobus_pectinilyticus        0.037940
Clostridium_saccharolyticum      0.031998
Dorea_longicatena                0.042871
dtype: float64",0.7236842105263158
9,"Parvimonas_micra                 0.114547
Gemella_morbillorum              0.124438
Fusobacterium_nucleatum          0.169907
Peptostreptococcus_stomatis      0.078226
Dialister_pneumosintes           0.068442
Peptostreptococcus_anaerobius    0.030402
Selenomonas_sputigena            0.051828
Lactobacillus_rogosae            0.026144
Roseburia_faecis                 0.054931
Prevotella_nigrescens            0.040323
Ruminococcus_torques             0.042425
Alloprevotella_tannerae          0.043103
Prevotella_intermedia            0.024745
Streptococcus_anginosus          0.031113
Monoglobus_pectinilyticus        0.026279
Clostridium_saccharolyticum      0.026873
Dorea_longicatena                0.046274
dtype: float64",0.7631578947368421
10,"Parvimonas_micra                 0.116473
Gemella_morbillorum              0.076545
Fusobacterium_nucleatum          0.159478
Peptostreptococcus_stomatis      0.071520
Dialister_pneumosintes           0.058170
Peptostreptococcus_anaerobius    0.027349
Selenomonas_sputigena            0.066783
Lactobacillus_rogosae            0.033182
Roseburia_faecis                 0.053758
Prevotella_nigrescens            0.038228
Ruminococcus_torques             0.044620
Alloprevotella_tannerae          0.065168
Prevotella_intermedia            0.040805
Streptococcus_anginosus          0.031806
Monoglobus_pectinilyticus        0.032811
Clostridium_saccharolyticum      0.033751
Dorea_longicatena                0.049554
dtype: float64",0.7631578947368421
11,"Parvimonas_micra                 0.104455
Gemella_morbillorum              0.107037
Fusobacterium_nucleatum          0.120693
Peptostreptococcus_stomatis      0.107524
Dialister_pneumosintes           0.047514
Peptostreptococcus_anaerobius    0.030539
Selenomonas_sputigena            0.051336
Lactobacillus_rogosae            0.043196
Roseburia_faecis                 0.031714
Prevotella_nigrescens            0.043572
Ruminococcus_torques             0.053669
Alloprevotella_tannerae          0.054364
Prevotella_intermedia            0.032826
Streptococcus_anginosus          0.043982
Monoglobus_pectinilyticus        0.029037
Clostridium_saccharolyticum      0.043468
Dorea_longicatena                0.055074
dtype: float64",0.8289473684210527
12,"Parvimonas_micra                 0.088291
Gemella_morbillorum              0.094698
Fusobacterium_nucleatum          0.111019
Peptostreptococcus_stomatis      0.105243
Dialister_pneumosintes           0.058114
Peptostreptococcus_anaerobius    0.041613
Selenomonas_sputigena            0.035348
Lactobacillus_rogosae            0.057091
Roseburia_faecis                 0.047092
Prevotella_nigrescens            0.051512
Ruminococcus_torques             0.047112
Alloprevotella_tannerae          0.065604
Prevotella_intermedia            0.040376
Streptococcus_anginosus          0.033520
Monoglobus_pectinilyticus        0.029590
Clostridium_saccharolyticum      0.032833
Dorea_longicatena                0.060943
dtype: float64",0.8289473684210527
13,"Parvimonas_micra                 0.080550
Gemella_morbillorum              0.073825
Fusobacterium_nucleatum          0.142990
Peptostreptococcus_stomatis      0.119893
Dialister_pneumosintes           0.039413
Peptostreptococcus_anaerobius    0.046333
Selenomonas_sputigena            0.040426
Lactobacillus_rogosae            0.036957
Roseburia_faecis                 0.039938
Prevotella_nigrescens            0.058012
Ruminococcus_torques             0.039379
Alloprevotella_tannerae          0.069990
Prevotella_intermedia            0.056683
Streptococcus_anginosus          0.029410
Monoglobus_pectinilyticus        0.036726
Clostridium_saccharolyticum      0.039608
Dorea_longicatena                0.049866
dtype: float64",0.8157894736842105
14,"Parvimonas_micra                 0.075759
Gemella_morbillorum              0.118810
Fusobacterium_nucleatum          0.083165
Peptostreptococcus_stomatis      0.112460
Dialister_pneumosintes           0.042310
Peptostreptococcus_anaerobius    0.032547
Selenomonas_sputigena            0.061845
Lactobacillus_rogosae            0.044659
Roseburia_faecis                 0.037907
Prevotella_nigrescens            0.035382
Ruminococcus_torques             0.058978
Alloprevotella_tannerae          0.061513
Prevotella_intermedia            0.050542
Streptococcus_anginosus          0.041308
Monoglobus_pectinilyticus        0.039175
Clostridium_saccharolyticum      0.044488
Dorea_longicatena                0.059154
dtype: float64",0.8157894736842105
15,"Parvimonas_micra                 0.105618
Gemella_morbillorum              0.127312
Fusobacterium_nucleatum          0.081634
Peptostreptococcus_stomatis      0.142525
Dialister_pneumosintes           0.050747
Peptostreptococcus_anaerobius    0.028120
Selenomonas_sputigena            0.039222
Lactobacillus_rogosae            0.035032
Roseburia_faecis                 0.035414
Prevotella_nigrescens            0.039861
Ruminococcus_torques             0.052977
Alloprevotella_tannerae          0.062584
Prevotella_intermedia            0.043792
Streptococcus_anginosus          0.040786
Monoglobus_pectinilyticus        0.024491
Clostridium_saccharolyticum      0.030407
Dorea_longicatena                0.059478
dtype: float64",0.7631578947368421
16,"Parvimonas_micra                 0.133836
Gemella_morbillorum              0.066354
Fusobacterium_nucleatum          0.136711
Peptostreptococcus_stomatis      0.069658
Dialister_pneumosintes           0.041265
Peptostreptococcus_anaerobius    0.050221
Selenomonas_sputigena            0.033767
Lactobacillus_rogosae            0.064267
Roseburia_faecis                 0.048748
Prevotella_nigrescens            0.037077
Ruminococcus_torques             0.056033
Alloprevotella_tannerae          0.059690
Prevotella_intermedia            0.038249
Streptococcus_anginosus          0.052091
Monoglobus_pectinilyticus        0.035565
Clostridium_saccharolyticum      0.044531
Dorea_longicatena                0.031938
dtype: float64",0.7894736842105263
17,"Parvimonas_micra                 0.112581
Gemella_morbillorum              0.109685
Fusobacterium_nucleatum          0.109150
Peptostreptococcus_stomatis      0.081475
Dialister_pneumosintes           0.039309
Peptostreptococcus_anaerobius    0.046291
Selenomonas_sputigena            0.050098
Lactobacillus_rogosae            0.038888
Roseburia_faecis                 0.061576
Prevotella_nigrescens            0.032939
Ruminococcus_torques             0.045045
Alloprevotella_tannerae          0.062929
Prevotella_intermedia            0.048220
Streptococcus_anginosus          0.043600
Monoglobus_pectinilyticus        0.030771
Clostridium_saccharolyticum      0.040859
Dorea_longicatena                0.046582
dtype: float64",0.7894736842105263
18,"Parvimonas_micra                 0.122617
Gemella_morbillorum              0.091403
Fusobacterium_nucleatum          0.121940
Peptostreptococcus_stomatis      0.071960
Dialister_pneumosintes           0.044490
Peptostreptococcus_anaerobius    0.032094
Selenomonas_sputigena            0.060070
Lactobacillus_rogosae            0.044287
Roseburia_faecis                 0.037140
Prevotella_nigrescens            0.038419
Ruminococcus_torques             0.049237
Alloprevotella_tannerae          0.058469
Prevotella_intermedia            0.044357
Streptococcus_anginosus          0.046545
Monoglobus_pectinilyticus        0.038720
Clostridium_saccharolyticum      0.037727
Dorea_longicatena                0.060524
dtype: float64",0.8421052631578947
19,"Parvimonas_micra                 0.101386
Gemella_morbillorum              0.078711
Fusobacterium_nucleatum          0.145276
Peptostreptococcus_stomatis      0.095739
Dialister_pneumosintes           0.059603
Peptostreptococcus_anaerobius    0.038760
Selenomonas_sputigena            0.035031
Lactobacillus_rogosae            0.028469
Roseburia_faecis                 0.045593
Prevotella_nigrescens            0.036311
Ruminococcus_torques             0.047252
Alloprevotella_tannerae          0.060198
Prevotella_intermedia            0.052522
Streptococcus_anginosus          0.050166
Monoglobus_pectinilyticus        0.027185
Clostridium_saccharolyticum      0.050929
Dorea_longicatena                0.046869
dtype: float64",0.7631578947368421
20,"Parvimonas_micra                 0.095564
Gemella_morbillorum              0.087157
Fusobacterium_nucleatum          0.140965
Peptostreptococcus_stomatis      0.074734
Dialister_pneumosintes           0.047926
Peptostreptococcus_anaerobius    0.051311
Selenomonas_sputigena            0.037055
Lactobacillus_rogosae            0.053592
Roseburia_faecis                 0.075001
Prevotella_nigrescens            0.048246
Ruminococcus_torques             0.035457
Alloprevotella_tannerae          0.077964
Prevotella_intermedia            0.035283
Streptococcus_anginosus          0.040813
Monoglobus_pectinilyticus        0.026015
Clostridium_saccharolyticum      0.035236
Dorea_longicatena                0.037681
dtype: float64",0.8157894736842105
21,"Parvimonas_micra                 0.111837
Gemella_morbillorum              0.071542
Fusobacterium_nucleatum          0.106356
Peptostreptococcus_stomatis      0.083430
Dialister_pneumosintes           0.066578
Peptostreptococcus_anaerobius    0.039955
Selenomonas_sputigena            0.056651
Lactobacillus_rogosae            0.037481
Roseburia_faecis                 0.033631
Prevotella_nigrescens            0.054196
Ruminococcus_torques             0.058362
Alloprevotella_tannerae          0.093293
Prevotella_intermedia            0.047120
Streptococcus_anginosus          0.031941
Monoglobus_pectinilyticus        0.031830
Clostridium_saccharolyticum      0.029949
Dorea_longicatena                0.045849
dtype: float64",0.8026315789473685
22,"Parvimonas_micra                 0.125440
Gemella_morbillorum              0.082617
Fusobacterium_nucleatum          0.185961
Peptostreptococcus_stomatis      0.071835
Dialister_pneumosintes           0.037007
Peptostreptococcus_anaerobius    0.039076
Selenomonas_sputigena            0.034760
Lactobacillus_rogosae            0.049408
Roseburia_faecis                 0.052754
Prevotella_nigrescens            0.036626
Ruminococcus_torques             0.028827
Alloprevotella_tannerae          0.062179
Prevotella_intermedia            0.052754
Streptococcus_anginosus          0.032000
Monoglobus_pectinilyticus        0.035455
Clostridium_saccharolyticum      0.034097
Dorea_longicatena                0.039204
dtype: float64",0.7631578947368421
23,"Parvimonas_micra                 0.117243
Gemella_morbillorum              0.104099
Fusobacterium_nucleatum          0.108643
Peptostreptococcus_stomatis      0.087728
Dialister_pneumosintes           0.037017
Peptostreptococcus_anaerobius    0.051386
Selenomonas_sputigena            0.044532
Lactobacillus_rogosae            0.061423
Roseburia_faecis                 0.029213
Prevotella_nigrescens            0.029362
Ruminococcus_torques             0.069796
Alloprevotella_tannerae          0.065309
Prevotella_intermedia            0.035861
Streptococcus_anginosus          0.035247
Monoglobus_pectinilyticus        0.029786
Clostridium_saccharolyticum      0.050881
Dorea_longicatena                0.042473
dtype: float64",0.8289473684210527
24,"Parvimonas_micra                 0.087516
Gemella_morbillorum              0.176438
Fusobacterium_nucleatum          0.069916
Peptostreptococcus_stomatis      0.111552
Dialister_pneumosintes           0.039751
Peptostreptococcus_anaerobius    0.034493
Selenomonas_sputigena            0.054001
Lactobacillus_rogosae            0.031259
Roseburia_faecis                 0.040238
Prevotella_nigrescens            0.049671
Ruminococcus_torques             0.035778
Alloprevotella_tannerae          0.079279
Prevotella_intermedia            0.052870
Streptococcus_anginosus          0.023891
Monoglobus_pectinilyticus        0.034749
Clostridium_saccharolyticum      0.052180
Dorea_longicatena                0.026418
dtype: float64",0.7368421052631579
25,"Parvimonas_micra                 0.096873
Gemella_morbillorum              0.104580
Fusobacterium_nucleatum          0.115439
Peptostreptococcus_stomatis      0.056634
Dialister_pneumosintes           0.053440
Peptostreptococcus_anaerobius    0.038739
Selenomonas_sputigena            0.067319
Lactobacillus_rogosae            0.066483
Roseburia_faecis                 0.039133
Prevotella_nigrescens            0.050299
Ruminococcus_torques             0.044515
Alloprevotella_tannerae          0.056912
Prevotella_intermedia            0.052520
Streptococcus_anginosus          0.028323
Monoglobus_pectinilyticus        0.032710
Clostridium_saccharolyticum      0.050696
Dorea_longicatena                0.045386
dtype: float64",0.6578947368421053
26,"Parvimonas_micra                 0.081710
Gemella_morbillorum              0.097357
Fusobacterium_nucleatum          0.112760
Peptostreptococcus_stomatis      0.100749
Dialister_pneumosintes           0.043375
Peptostreptococcus_anaerobius    0.048167
Selenomonas_sputigena            0.044679
Lactobacillus_rogosae            0.033587
Roseburia_faecis                 0.049373
Prevotella_nigrescens            0.032439
Ruminococcus_torques             0.049831
Alloprevotella_tannerae          0.078323
Prevotella_intermedia            0.054003
Streptococcus_anginosus          0.045358
Monoglobus_pectinilyticus        0.034223
Clostridium_saccharolyticum      0.039462
Dorea_longicatena                0.054604
dtype: float64",0.8552631578947368
27,"Parvimonas_micra                 0.096113
Gemella_morbillorum              0.116290
Fusobacterium_nucleatum          0.120940
Peptostreptococcus_stomatis      0.089272
Dialister_pneumosintes           0.054571
Peptostreptococcus_anaerobius    0.044968
Selenomonas_sputigena            0.048764
Lactobacillus_rogosae            0.039234
Roseburia_faecis                 0.048969
Prevotella_nigrescens            0.038842
Ruminococcus_torques             0.052426
Alloprevotella_tannerae          0.043766
Prevotella_intermedia            0.037046
Streptococcus_anginosus          0.045772
Monoglobus_pectinilyticus        0.029238
Clostridium_saccharolyticum      0.025448
Dorea_longicatena                0.068340
dtype: float64",0.7631578947368421
28,"Parvimonas_micra                 0.099692
Gemella_morbillorum              0.139305
Fusobacterium_nucleatum          0.138237
Peptostreptococcus_stomatis      0.097962
Dialister_pneumosintes           0.061350
Peptostreptococcus_anaerobius    0.029620
Selenomonas_sputigena            0.028335
Lactobacillus_rogosae            0.038276
Roseburia_faecis                 0.040793
Prevotella_nigrescens            0.037203
Ruminococcus_torques             0.063776
Alloprevotella_tannerae          0.071292
Prevotella_intermedia            0.032677
Streptococcus_anginosus          0.027084
Monoglobus_pectinilyticus        0.024601
Clostridium_saccharolyticum      0.030699
Dorea_longicatena                0.039098
dtype: float64",0.7894736842105263
29,"Parvimonas_micra                 0.068432
Gemella_morbillorum              0.126926
Fusobacterium_nucleatum          0.107809
Peptostreptococcus_stomatis      0.095283
Dialister_pneumosintes           0.045296
Peptostreptococcus_anaerobius    0.042550
Selenomonas_sputigena            0.035555
Lactobacillus_rogosae            0.050373
Roseburia_faecis                 0.059035
Prevotella_nigrescens            0.036865
Ruminococcus_torques             0.048441
Alloprevotella_tannerae          0.079122
Prevotella_intermedia            0.033761
Streptococcus_anginosus          0.050612
Monoglobus_pectinilyticus        0.033145
Clostridium_saccharolyticum      0.039052
Dorea_longicatena                0.047743
dtype: float64",0.8947368421052632
30,"Parvimonas_micra                 0.090153
Gemella_morbillorum              0.119207
Fusobacterium_nucleatum          0.093398
Peptostreptococcus_stomatis      0.110142
Dialister_pneumosintes           0.045111
Peptostreptococcus_anaerobius    0.055273
Selenomonas_sputigena            0.045914
Lactobacillus_rogosae            0.051082
Roseburia_faecis                 0.036088
Prevotella_nigrescens            0.035899
Ruminococcus_torques             0.071020
Alloprevotella_tannerae          0.057643
Prevotella_intermedia            0.041366
Streptococcus_anginosus          0.029026
Monoglobus_pectinilyticus        0.031493
Clostridium_saccharolyticum      0.033504
Dorea_longicatena                0.053682
dtype: float64",0.8289473684210527
31,"Parvimonas_micra                 0.109033
Gemella_morbillorum              0.081539
Fusobacterium_nucleatum          0.108493
Peptostreptococcus_stomatis      0.113269
Dialister_pneumosintes           0.067090
Peptostreptococcus_anaerobius    0.039576
Selenomonas_sputigena            0.039635
Lactobacillus_rogosae            0.047667
Roseburia_faecis                 0.036195
Prevotella_nigrescens            0.031417
Ruminococcus_torques             0.041646
Alloprevotella_tannerae          0.055189
Prevotella_intermedia            0.041545
Streptococcus_anginosus          0.056747
Monoglobus_pectinilyticus        0.033590
Clostridium_saccharolyticum      0.037347
Dorea_longicatena                0.060020
dtype: float64",0.7631578947368421
32,"Parvimonas_micra                 0.114924
Gemella_morbillorum              0.081429
Fusobacterium_nucleatum          0.116967
Peptostreptococcus_stomatis      0.067709
Dialister_pneumosintes           0.058036
Peptostreptococcus_anaerobius    0.061845
Selenomonas_sputigena            0.034191
Lactobacillus_rogosae            0.050238
Roseburia_faecis                 0.056996
Prevotella_nigrescens            0.048463
Ruminococcus_torques             0.049985
Alloprevotella_tannerae          0.048698
Prevotella_intermedia            0.044375
Streptococcus_anginosus          0.041490
Monoglobus_pectinilyticus        0.026570
Clostridium_saccharolyticum      0.048927
Dorea_longicatena                0.049156
dtype: float64",0.7894736842105263
33,"Parvimonas_micra                 0.102156
Gemella_morbillorum              0.101158
Fusobacterium_nucleatum          0.086437
Peptostreptococcus_stomatis      0.087718
Dialister_pneumosintes           0.043896
Peptostreptococcus_anaerobius    0.048482
Selenomonas_sputigena            0.051607
Lactobacillus_rogosae            0.060780
Roseburia_faecis                 0.061069
Prevotella_nigrescens            0.035567
Ruminococcus_torques             0.049051
Alloprevotella_tannerae          0.062694
Prevotella_intermedia            0.038839
Streptococcus_anginosus          0.049238
Monoglobus_pectinilyticus        0.027723
Clostridium_saccharolyticum      0.038317
Dorea_longicatena                0.055268
dtype: float64",0.8026315789473685
34,"Parvimonas_micra                 0.077938
Gemella_morbillorum              0.083545
Fusobacterium_nucleatum          0.112893
Peptostreptococcus_stomatis      0.102652
Dialister_pneumosintes           0.046794
Peptostreptococcus_anaerobius    0.046991
Selenomonas_sputigena            0.056693
Lactobacillus_rogosae            0.037766
Roseburia_faecis                 0.052270
Prevotella_nigrescens            0.050391
Ruminococcus_torques             0.068311
Alloprevotella_tannerae          0.049166
Prevotella_intermedia            0.042165
Streptococcus_anginosus          0.032258
Monoglobus_pectinilyticus        0.022362
Clostridium_saccharolyticum      0.042768
Dorea_longicatena                0.075036
dtype: float64",0.75
35,"Parvimonas_micra                 0.082143
Gemella_morbillorum              0.064700
Fusobacterium_nucleatum          0.145735
Peptostreptococcus_stomatis      0.088728
Dialister_pneumosintes           0.054761
Peptostreptococcus_anaerobius    0.055954
Selenomonas_sputigena            0.044684
Lactobacillus_rogosae            0.060891
Roseburia_faecis                 0.043851
Prevotella_nigrescens            0.039642
Ruminococcus_torques             0.044255
Alloprevotella_tannerae          0.059436
Prevotella_intermedia            0.048436
Streptococcus_anginosus          0.044967
Monoglobus_pectinilyticus        0.035950
Clostridium_saccharolyticum      0.030672
Dorea_longicatena                0.055195
dtype: float64",0.7763157894736842
36,"Parvimonas_micra                 0.117391
Gemella_morbillorum              0.147020
Fusobacterium_nucleatum          0.097630
Peptostreptococcus_stomatis      0.116148
Dialister_pneumosintes           0.048032
Peptostreptococcus_anaerobius    0.040846
Selenomonas_sputigena            0.036031
Lactobacillus_rogosae            0.036796
Roseburia_faecis                 0.053552
Prevotella_nigrescens            0.022009
Ruminococcus_torques             0.053273
Alloprevotella_tannerae          0.033585
Prevotella_intermedia            0.034216
Streptococcus_anginosus          0.058062
Monoglobus_pectinilyticus        0.024667
Clostridium_saccharolyticum      0.031247
Dorea_longicatena                0.049495
dtype: float64",0.7236842105263158
37,"Parvimonas_micra                 0.092985
Gemella_morbillorum              0.083990
Fusobacterium_nucleatum          0.104432
Peptostreptococcus_stomatis      0.107112
Dialister_pneumosintes           0.084910
Peptostreptococcus_anaerobius    0.062790
Selenomonas_sputigena            0.050791
Lactobacillus_rogosae            0.034660
Roseburia_faecis                 0.046712
Prevotella_nigrescens            0.041823
Ruminococcus_torques             0.045209
Alloprevotella_tannerae          0.052987
Prevotella_intermedia            0.030681
Streptococcus_anginosus          0.038251
Monoglobus_pectinilyticus        0.032110
Clostridium_saccharolyticum      0.030597
Dorea_longicatena                0.059960
dtype: float64",0.8026315789473685
38,"Parvimonas_micra                 0.080063
Gemella_morbillorum              0.103244
Fusobacterium_nucleatum          0.116668
Peptostreptococcus_stomatis      0.106982
Dialister_pneumosintes           0.052527
Peptostreptococcus_anaerobius    0.047227
Selenomonas_sputigena            0.047512
Lactobacillus_rogosae            0.035847
Roseburia_faecis                 0.051157
Prevotella_nigrescens            0.044410
Ruminococcus_torques             0.042583
Alloprevotella_tannerae          0.062543
Prevotella_intermedia            0.050327
Streptococcus_anginosus          0.032746
Monoglobus_pectinilyticus        0.033548
Clostridium_saccharolyticum      0.036029
Dorea_longicatena                0.056588
dtype: float64",0.8421052631578947
39,"Parvimonas_micra                 0.098378
Gemella_morbillorum              0.131067
Fusobacterium_nucleatum          0.114554
Peptostreptococcus_stomatis      0.093328
Dialister_pneumosintes           0.038892
Peptostreptococcus_anaerobius    0.043286
Selenomonas_sputigena            0.048784
Lactobacillus_rogosae            0.040987
Roseburia_faecis                 0.049646
Prevotella_nigrescens            0.061969
Ruminococcus_torques             0.041905
Alloprevotella_tannerae          0.049581
Prevotella_intermedia            0.035767
Streptococcus_anginosus          0.030858
Monoglobus_pectinilyticus        0.039280
Clostridium_saccharolyticum      0.037677
Dorea_longicatena                0.044042
dtype: float64",0.7763157894736842
40,"Parvimonas_micra                 0.118828
Gemella_morbillorum              0.108023
Fusobacterium_nucleatum          0.134243
Peptostreptococcus_stomatis      0.080793
Dialister_pneumosintes           0.042865
Peptostreptococcus_anaerobius    0.043180
Selenomonas_sputigena            0.049447
Lactobacillus_rogosae            0.046857
Roseburia_faecis                 0.047833
Prevotella_nigrescens            0.041893
Ruminococcus_torques             0.051783
Alloprevotella_tannerae          0.063825
Prevotella_intermedia            0.027601
Streptococcus_anginosus          0.035243
Monoglobus_pectinilyticus        0.035682
Clostridium_saccharolyticum      0.031005
Dorea_longicatena                0.040900
dtype: float64",0.8289473684210527
41,"Parvimonas_micra                 0.118341
Gemella_morbillorum              0.108900
Fusobacterium_nucleatum          0.084985
Peptostreptococcus_stomatis      0.111985
Dialister_pneumosintes           0.042641
Peptostreptococcus_anaerobius    0.035612
Selenomonas_sputigena            0.045843
Lactobacillus_rogosae            0.052863
Roseburia_faecis                 0.054002
Prevotella_nigrescens            0.025397
Ruminococcus_torques             0.051151
Alloprevotella_tannerae          0.049703
Prevotella_intermedia            0.033292
Streptococcus_anginosus          0.056572
Monoglobus_pectinilyticus        0.038606
Clostridium_saccharolyticum      0.043277
Dorea_longicatena                0.046830
dtype: float64",0.8421052631578947
42,"Parvimonas_micra                 0.098784
Gemella_morbillorum              0.121758
Fusobacterium_nucleatum          0.084740
Peptostreptococcus_stomatis      0.087550
Dialister_pneumosintes           0.052737
Peptostreptococcus_anaerobius    0.041064
Selenomonas_sputigena            0.027012
Lactobacillus_rogosae            0.044223
Roseburia_faecis                 0.045486
Prevotella_nigrescens            0.051008
Ruminococcus_torques             0.060306
Alloprevotella_tannerae          0.061679
Prevotella_intermedia            0.049759
Streptococcus_anginosus          0.046170
Monoglobus_pectinilyticus        0.049830
Clostridium_saccharolyticum      0.031945
Dorea_longicatena                0.045950
dtype: float64",0.868421052631579
43,"Parvimonas_micra                 0.140545
Gemella_morbillorum              0.076765
Fusobacterium_nucleatum          0.122456
Peptostreptococcus_stomatis      0.095181
Dialister_pneumosintes           0.036803
Peptostreptococcus_anaerobius    0.057084
Selenomonas_sputigena            0.039669
Lactobacillus_rogosae            0.036633
Roseburia_faecis                 0.048181
Prevotella_nigrescens            0.040900
Ruminococcus_torques             0.044706
Alloprevotella_tannerae          0.054300
Prevotella_intermedia            0.039739
Streptococcus_anginosus          0.038689
Monoglobus_pectinilyticus        0.023416
Clostridium_saccharolyticum      0.041942
Dorea_longicatena                0.062988
dtype: float64",0.8157894736842105
44,"Parvimonas_micra                 0.141524
Gemella_morbillorum              0.094986
Fusobacterium_nucleatum          0.116657
Peptostreptococcus_stomatis      0.095091
Dialister_pneumosintes           0.040209
Peptostreptococcus_anaerobius    0.033464
Selenomonas_sputigena            0.032398
Lactobacillus_rogosae            0.029484
Roseburia_faecis                 0.042723
Prevotella_nigrescens            0.041616
Ruminococcus_torques             0.042853
Alloprevotella_tannerae          0.078718
Prevotella_intermedia            0.050048
Streptococcus_anginosus          0.034209
Monoglobus_pectinilyticus        0.035741
Clostridium_saccharolyticum      0.033983
Dorea_longicatena                0.056296
dtype: float64",0.7368421052631579
45,"Parvimonas_micra                 0.142370
Gemella_morbillorum              0.115610
Fusobacterium_nucleatum          0.100502
Peptostreptococcus_stomatis      0.083118
Dialister_pneumosintes           0.045334
Peptostreptococcus_anaerobius    0.044853
Selenomonas_sputigena            0.043706
Lactobacillus_rogosae            0.037996
Roseburia_faecis                 0.042601
Prevotella_nigrescens            0.029605
Ruminococcus_torques             0.056208
Alloprevotella_tannerae          0.071002
Prevotella_intermedia            0.033363
Streptococcus_anginosus          0.040824
Monoglobus_pectinilyticus        0.030701
Clostridium_saccharolyticum      0.044753
Dorea_longicatena                0.037455
dtype: float64",0.7763157894736842
46,"Parvimonas_micra                 0.092231
Gemella_morbillorum              0.105427
Fusobacterium_nucleatum          0.119671
Peptostreptococcus_stomatis      0.118622
Dialister_pneumosintes           0.045204
Peptostreptococcus_anaerobius    0.039671
Selenomonas_sputigena            0.046636
Lactobacillus_rogosae            0.036391
Roseburia_faecis                 0.041818
Prevotella_nigrescens            0.028893
Ruminococcus_torques             0.041447
Alloprevotella_tannerae          0.070649
Prevotella_intermedia            0.054457
Streptococcus_anginosus          0.039782
Monoglobus_pectinilyticus        0.027983
Clostridium_saccharolyticum      0.041571
Dorea_longicatena                0.049546
dtype: float64",0.7894736842105263
47,"Parvimonas_micra                 0.078069
Gemella_morbillorum              0.132298
Fusobacterium_nucleatum          0.098074
Peptostreptococcus_stomatis      0.107986
Dialister_pneumosintes           0.041890
Peptostreptococcus_anaerobius    0.043744
Selenomonas_sputigena            0.041335
Lactobacillus_rogosae            0.043911
Roseburia_faecis                 0.060097
Prevotella_nigrescens            0.047402
Ruminococcus_torques             0.051025
Alloprevotella_tannerae          0.061198
Prevotella_intermedia            0.040922
Streptococcus_anginosus          0.032401
Monoglobus_pectinilyticus        0.028470
Clostridium_saccharolyticum      0.038189
Dorea_longicatena                0.052988
dtype: float64",0.8289473684210527
48,"Parvimonas_micra                 0.081044
Gemella_morbillorum              0.096351
Fusobacterium_nucleatum          0.083778
Peptostreptococcus_stomatis      0.091502
Dialister_pneumosintes           0.045799
Peptostreptococcus_anaerobius    0.055023
Selenomonas_sputigena            0.034411
Lactobacillus_rogosae            0.043279
Roseburia_faecis                 0.073961
Prevotella_nigrescens            0.033969
Ruminococcus_torques             0.060370
Alloprevotella_tannerae          0.086586
Prevotella_intermedia            0.049135
Streptococcus_anginosus          0.034002
Monoglobus_pectinilyticus        0.035893
Clostridium_saccharolyticum      0.039043
Dorea_longicatena                0.055855
dtype: float64",0.8421052631578947
49,"Parvimonas_micra                 0.107728
Gemella_morbillorum              0.112483
Fusobacterium_nucleatum          0.093292
Peptostreptococcus_stomatis      0.087697
Dialister_pneumosintes           0.058139
Peptostreptococcus_anaerobius    0.044265
Selenomonas_sputigena            0.044436
Lactobacillus_rogosae            0.027369
Roseburia_faecis                 0.054238
Prevotella_nigrescens            0.057691
Ruminococcus_torques             0.028414
Alloprevotella_tannerae          0.069972
Prevotella_intermedia            0.054202
Streptococcus_anginosus          0.039917
Monoglobus_pectinilyticus        0.034452
Clostridium_saccharolyticum      0.038041
Dorea_longicatena                0.047665
dtype: float64",0.7368421052631579
50,"Parvimonas_micra                 0.093747
Gemella_morbillorum              0.064763
Fusobacterium_nucleatum          0.127901
Peptostreptococcus_stomatis      0.111367
Dialister_pneumosintes           0.053486
Peptostreptococcus_anaerobius    0.033178
Selenomonas_sputigena            0.050079
Lactobacillus_rogosae            0.037564
Roseburia_faecis                 0.058536
Prevotella_nigrescens            0.052630
Ruminococcus_torques             0.052468
Alloprevotella_tannerae          0.070807
Prevotella_intermedia            0.037289
Streptococcus_anginosus          0.036212
Monoglobus_pectinilyticus        0.028115
Clostridium_saccharolyticum      0.039780
Dorea_longicatena                0.052079
dtype: float64",0.75
51,"Parvimonas_micra                 0.096956
Gemella_morbillorum              0.074447
Fusobacterium_nucleatum          0.138143
Peptostreptococcus_stomatis      0.090191
Dialister_pneumosintes           0.040218
Peptostreptococcus_anaerobius    0.033971
Selenomonas_sputigena            0.040966
Lactobacillus_rogosae            0.044915
Roseburia_faecis                 0.051124
Prevotella_nigrescens            0.039578
Ruminococcus_torques             0.052500
Alloprevotella_tannerae          0.090456
Prevotella_intermedia            0.035993
Streptococcus_anginosus          0.033033
Monoglobus_pectinilyticus        0.039717
Clostridium_saccharolyticum      0.045069
Dorea_longicatena                0.052720
dtype: float64",0.8947368421052632
52,"Parvimonas_micra                 0.114483
Gemella_morbillorum              0.098392
Fusobacterium_nucleatum          0.066510
Peptostreptococcus_stomatis      0.118063
Dialister_pneumosintes           0.066292
Peptostreptococcus_anaerobius    0.039401
Selenomonas_sputigena            0.031384
Lactobacillus_rogosae            0.041581
Roseburia_faecis                 0.041621
Prevotella_nigrescens            0.056191
Ruminococcus_torques             0.063843
Alloprevotella_tannerae          0.058229
Prevotella_intermedia            0.033000
Streptococcus_anginosus          0.040738
Monoglobus_pectinilyticus        0.035192
Clostridium_saccharolyticum      0.044521
Dorea_longicatena                0.050560
dtype: float64",0.7105263157894737
53,"Parvimonas_micra                 0.074242
Gemella_morbillorum              0.096493
Fusobacterium_nucleatum          0.131737
Peptostreptococcus_stomatis      0.101652
Dialister_pneumosintes           0.042748
Peptostreptococcus_anaerobius    0.052352
Selenomonas_sputigena            0.028887
Lactobacillus_rogosae            0.044165
Roseburia_faecis                 0.057876
Prevotella_nigrescens            0.036731
Ruminococcus_torques             0.049862
Alloprevotella_tannerae          0.065842
Prevotella_intermedia            0.045999
Streptococcus_anginosus          0.041220
Monoglobus_pectinilyticus        0.049492
Clostridium_saccharolyticum      0.028612
Dorea_longicatena                0.052087
dtype: float64",0.8421052631578947
54,"Parvimonas_micra                 0.095367
Gemella_morbillorum              0.119284
Fusobacterium_nucleatum          0.104556
Peptostreptococcus_stomatis      0.107766
Dialister_pneumosintes           0.052841
Peptostreptococcus_anaerobius    0.049199
Selenomonas_sputigena            0.035134
Lactobacillus_rogosae            0.032980
Roseburia_faecis                 0.052524
Prevotella_nigrescens            0.061079
Ruminococcus_torques             0.031067
Alloprevotella_tannerae          0.076189
Prevotella_intermedia            0.029847
Streptococcus_anginosus          0.024964
Monoglobus_pectinilyticus        0.023598
Clostridium_saccharolyticum      0.032359
Dorea_longicatena                0.071246
dtype: float64",0.7631578947368421
55,"Parvimonas_micra                 0.108440
Gemella_morbillorum              0.067205
Fusobacterium_nucleatum          0.114158
Peptostreptococcus_stomatis      0.070813
Dialister_pneumosintes           0.032045
Peptostreptococcus_anaerobius    0.042349
Selenomonas_sputigena            0.031828
Lactobacillus_rogosae            0.053644
Roseburia_faecis                 0.065198
Prevotella_nigrescens            0.047026
Ruminococcus_torques             0.061194
Alloprevotella_tannerae          0.070824
Prevotella_intermedia            0.046142
Streptococcus_anginosus          0.033419
Monoglobus_pectinilyticus        0.042573
Clostridium_saccharolyticum      0.049381
Dorea_longicatena                0.063763
dtype: float64",0.8026315789473685
56,"Parvimonas_micra                 0.118777
Gemella_morbillorum              0.167318
Fusobacterium_nucleatum          0.071508
Peptostreptococcus_stomatis      0.055178
Dialister_pneumosintes           0.038468
Peptostreptococcus_anaerobius    0.039847
Selenomonas_sputigena            0.053630
Lactobacillus_rogosae            0.033444
Roseburia_faecis                 0.055650
Prevotella_nigrescens            0.043665
Ruminococcus_torques             0.050206
Alloprevotella_tannerae          0.080757
Prevotella_intermedia            0.050228
Streptococcus_anginosus          0.015402
Monoglobus_pectinilyticus        0.031900
Clostridium_saccharolyticum      0.051312
Dorea_longicatena                0.042711
dtype: float64",0.8026315789473685
57,"Parvimonas_micra                 0.101382
Gemella_morbillorum              0.122515
Fusobacterium_nucleatum          0.065732
Peptostreptococcus_stomatis      0.087601
Dialister_pneumosintes           0.046346
Peptostreptococcus_anaerobius    0.041138
Selenomonas_sputigena            0.041165
Lactobacillus_rogosae            0.048950
Roseburia_faecis                 0.050264
Prevotella_nigrescens            0.037873
Ruminococcus_torques             0.063350
Alloprevotella_tannerae          0.076626
Prevotella_intermedia            0.050456
Streptococcus_anginosus          0.027721
Monoglobus_pectinilyticus        0.039711
Clostridium_saccharolyticum      0.040977
Dorea_longicatena                0.058191
dtype: float64",0.8552631578947368
58,"Parvimonas_micra                 0.069794
Gemella_morbillorum              0.112754
Fusobacterium_nucleatum          0.113162
Peptostreptococcus_stomatis      0.092259
Dialister_pneumosintes           0.062924
Peptostreptococcus_anaerobius    0.053948
Selenomonas_sputigena            0.057302
Lactobacillus_rogosae            0.055690
Roseburia_faecis                 0.050030
Prevotella_nigrescens            0.033276
Ruminococcus_torques             0.038142
Alloprevotella_tannerae          0.068393
Prevotella_intermedia            0.047245
Streptococcus_anginosus          0.028841
Monoglobus_pectinilyticus        0.033504
Clostridium_saccharolyticum      0.045039
Dorea_longicatena                0.037698
dtype: float64",0.8026315789473685
59,"Parvimonas_micra                 0.082730
Gemella_morbillorum              0.097587
Fusobacterium_nucleatum          0.102550
Peptostreptococcus_stomatis      0.099165
Dialister_pneumosintes           0.059542
Peptostreptococcus_anaerobius    0.034617
Selenomonas_sputigena            0.052708
Lactobacillus_rogosae            0.041834
Roseburia_faecis                 0.044063
Prevotella_nigrescens            0.041506
Ruminococcus_torques             0.047694
Alloprevotella_tannerae          0.069040
Prevotella_intermedia            0.045247
Streptococcus_anginosus          0.042469
Monoglobus_pectinilyticus        0.036347
Clostridium_saccharolyticum      0.040538
Dorea_longicatena                0.062363
dtype: float64",0.7894736842105263
60,"Parvimonas_micra                 0.090484
Gemella_morbillorum              0.117467
Fusobacterium_nucleatum          0.107409
Peptostreptococcus_stomatis      0.103551
Dialister_pneumosintes           0.059477
Peptostreptococcus_anaerobius    0.041353
Selenomonas_sputigena            0.038508
Lactobacillus_rogosae            0.030396
Roseburia_faecis                 0.049584
Prevotella_nigrescens            0.033454
Ruminococcus_torques             0.047589
Alloprevotella_tannerae          0.072011
Prevotella_intermedia            0.046579
Streptococcus_anginosus          0.037018
Monoglobus_pectinilyticus        0.030031
Clostridium_saccharolyticum      0.039011
Dorea_longicatena                0.056078
dtype: float64",0.7763157894736842
61,"Parvimonas_micra                 0.086003
Gemella_morbillorum              0.101948
Fusobacterium_nucleatum          0.122728
Peptostreptococcus_stomatis      0.083119
Dialister_pneumosintes           0.055948
Peptostreptococcus_anaerobius    0.032679
Selenomonas_sputigena            0.040779
Lactobacillus_rogosae            0.039296
Roseburia_faecis                 0.055273
Prevotella_nigrescens            0.042939
Ruminococcus_torques             0.053390
Alloprevotella_tannerae          0.062663
Prevotella_intermedia            0.054238
Streptococcus_anginosus          0.030544
Monoglobus_pectinilyticus        0.036119
Clostridium_saccharolyticum      0.049591
Dorea_longicatena                0.052742
dtype: float64",0.7763157894736842
62,"Parvimonas_micra                 0.079685
Gemella_morbillorum              0.135177
Fusobacterium_nucleatum          0.083971
Peptostreptococcus_stomatis      0.075228
Dialister_pneumosintes           0.056391
Peptostreptococcus_anaerobius    0.069421
Selenomonas_sputigena            0.044522
Lactobacillus_rogosae            0.037709
Roseburia_faecis                 0.042337
Prevotella_nigrescens            0.049474
Ruminococcus_torques             0.045279
Alloprevotella_tannerae          0.059607
Prevotella_intermedia            0.050825
Streptococcus_anginosus          0.035931
Monoglobus_pectinilyticus        0.033664
Clostridium_saccharolyticum      0.046463
Dorea_longicatena                0.054316
dtype: float64",0.8026315789473685
63,"Parvimonas_micra                 0.130310
Gemella_morbillorum              0.090433
Fusobacterium_nucleatum          0.083009
Peptostreptococcus_stomatis      0.095345
Dialister_pneumosintes           0.061586
Peptostreptococcus_anaerobius    0.037747
Selenomonas_sputigena            0.041249
Lactobacillus_rogosae            0.042229
Roseburia_faecis                 0.050917
Prevotella_nigrescens            0.031867
Ruminococcus_torques             0.039346
Alloprevotella_tannerae          0.087273
Prevotella_intermedia            0.041973
Streptococcus_anginosus          0.033490
Monoglobus_pectinilyticus        0.027836
Clostridium_saccharolyticum      0.042497
Dorea_longicatena                0.062893
dtype: float64",0.8289473684210527
64,"Parvimonas_micra                 0.087889
Gemella_morbillorum              0.085510
Fusobacterium_nucleatum          0.165016
Peptostreptococcus_stomatis      0.080153
Dialister_pneumosintes           0.053841
Peptostreptococcus_anaerobius    0.038570
Selenomonas_sputigena            0.051613
Lactobacillus_rogosae            0.047564
Roseburia_faecis                 0.036694
Prevotella_nigrescens            0.030997
Ruminococcus_torques             0.055437
Alloprevotella_tannerae          0.051837
Prevotella_intermedia            0.034629
Streptococcus_anginosus          0.052196
Monoglobus_pectinilyticus        0.047149
Clostridium_saccharolyticum      0.035542
Dorea_longicatena                0.045363
dtype: float64",0.7763157894736842
65,"Parvimonas_micra                 0.096913
Gemella_morbillorum              0.088282
Fusobacterium_nucleatum          0.135004
Peptostreptococcus_stomatis      0.089699
Dialister_pneumosintes           0.038796
Peptostreptococcus_anaerobius    0.042201
Selenomonas_sputigena            0.038820
Lactobacillus_rogosae            0.052243
Roseburia_faecis                 0.042082
Prevotella_nigrescens            0.046594
Ruminococcus_torques             0.047939
Alloprevotella_tannerae          0.059535
Prevotella_intermedia            0.051351
Streptococcus_anginosus          0.051687
Monoglobus_pectinilyticus        0.026937
Clostridium_saccharolyticum      0.048293
Dorea_longicatena                0.043623
dtype: float64",0.8421052631578947
66,"Parvimonas_micra                 0.101322
Gemella_morbillorum              0.104486
Fusobacterium_nucleatum          0.155179
Peptostreptococcus_stomatis      0.065191
Dialister_pneumosintes           0.036719
Peptostreptococcus_anaerobius    0.028367
Selenomonas_sputigena            0.046796
Lactobacillus_rogosae            0.044130
Roseburia_faecis                 0.042351
Prevotella_nigrescens            0.042549
Ruminococcus_torques             0.040146
Alloprevotella_tannerae          0.084009
Prevotella_intermedia            0.040946
Streptococcus_anginosus          0.039747
Monoglobus_pectinilyticus        0.023833
Clostridium_saccharolyticum      0.060372
Dorea_longicatena                0.043859
dtype: float64",0.8026315789473685
67,"Parvimonas_micra                 0.092590
Gemella_morbillorum              0.125510
Fusobacterium_nucleatum          0.096738
Peptostreptococcus_stomatis      0.104484
Dialister_pneumosintes           0.036948
Peptostreptococcus_anaerobius    0.046820
Selenomonas_sputigena            0.042921
Lactobacillus_rogosae            0.035884
Roseburia_faecis                 0.027338
Prevotella_nigrescens            0.064153
Ruminococcus_torques             0.048859
Alloprevotella_tannerae          0.066970
Prevotella_intermedia            0.063911
Streptococcus_anginosus          0.029950
Monoglobus_pectinilyticus        0.029931
Clostridium_saccharolyticum      0.040140
Dorea_longicatena                0.046852
dtype: float64",0.8289473684210527
68,"Parvimonas_micra                 0.107638
Gemella_morbillorum              0.075213
Fusobacterium_nucleatum          0.165068
Peptostreptococcus_stomatis      0.093049
Dialister_pneumosintes           0.043260
Peptostreptococcus_anaerobius    0.038038
Selenomonas_sputigena            0.041147
Lactobacillus_rogosae            0.039154
Roseburia_faecis                 0.057434
Prevotella_nigrescens            0.039329
Ruminococcus_torques             0.065916
Alloprevotella_tannerae          0.057545
Prevotella_intermedia            0.035779
Streptococcus_anginosus          0.057523
Monoglobus_pectinilyticus        0.025989
Clostridium_saccharolyticum      0.028796
Dorea_longicatena                0.029122
dtype: float64",0.75
69,"Parvimonas_micra                 0.065855
Gemella_morbillorum              0.144519
Fusobacterium_nucleatum          0.112393
Peptostreptococcus_stomatis      0.090760
Dialister_pneumosintes           0.037345
Peptostreptococcus_anaerobius    0.032588
Selenomonas_sputigena            0.038834
Lactobacillus_rogosae            0.039527
Roseburia_faecis                 0.047440
Prevotella_nigrescens            0.040118
Ruminococcus_torques             0.050914
Alloprevotella_tannerae          0.059050
Prevotella_intermedia            0.053272
Streptococcus_anginosus          0.059848
Monoglobus_pectinilyticus        0.026455
Clostridium_saccharolyticum      0.034948
Dorea_longicatena                0.066133
dtype: float64",0.8157894736842105
70,"Parvimonas_micra                 0.102443
Gemella_morbillorum              0.108950
Fusobacterium_nucleatum          0.094062
Peptostreptococcus_stomatis      0.101287
Dialister_pneumosintes           0.056561
Peptostreptococcus_anaerobius    0.033526
Selenomonas_sputigena            0.062424
Lactobacillus_rogosae            0.031537
Roseburia_faecis                 0.041267
Prevotella_nigrescens            0.028529
Ruminococcus_torques             0.053186
Alloprevotella_tannerae          0.079587
Prevotella_intermedia            0.053847
Streptococcus_anginosus          0.034879
Monoglobus_pectinilyticus        0.026297
Clostridium_saccharolyticum      0.040282
Dorea_longicatena                0.051338
dtype: float64",0.7894736842105263
71,"Parvimonas_micra                 0.131293
Gemella_morbillorum              0.099439
Fusobacterium_nucleatum          0.088386
Peptostreptococcus_stomatis      0.079590
Dialister_pneumosintes           0.062925
Peptostreptococcus_anaerobius    0.039324
Selenomonas_sputigena            0.029610
Lactobacillus_rogosae            0.043550
Roseburia_faecis                 0.077123
Prevotella_nigrescens            0.051119
Ruminococcus_torques             0.035466
Alloprevotella_tannerae          0.067786
Prevotella_intermedia            0.040639
Streptococcus_anginosus          0.035954
Monoglobus_pectinilyticus        0.035607
Clostridium_saccharolyticum      0.037341
Dorea_longicatena                0.044848
dtype: float64",0.7763157894736842
72,"Parvimonas_micra                 0.090379
Gemella_morbillorum              0.131050
Fusobacterium_nucleatum          0.127949
Peptostreptococcus_stomatis      0.097958
Dialister_pneumosintes           0.045076
Peptostreptococcus_anaerobius    0.040460
Selenomonas_sputigena            0.038355
Lactobacillus_rogosae            0.035387
Roseburia_faecis                 0.050148
Prevotella_nigrescens            0.046153
Ruminococcus_torques             0.043569
Alloprevotella_tannerae          0.052084
Prevotella_intermedia            0.037663
Streptococcus_anginosus          0.047201
Monoglobus_pectinilyticus        0.025039
Clostridium_saccharolyticum      0.037764
Dorea_longicatena                0.053763
dtype: float64",0.8289473684210527
73,"Parvimonas_micra                 0.103486
Gemella_morbillorum              0.084633
Fusobacterium_nucleatum          0.105907
Peptostreptococcus_stomatis      0.092736
Dialister_pneumosintes           0.061404
Peptostreptococcus_anaerobius    0.034080
Selenomonas_sputigena            0.065622
Lactobacillus_rogosae            0.058803
Roseburia_faecis                 0.043700
Prevotella_nigrescens            0.036252
Ruminococcus_torques             0.030349
Alloprevotella_tannerae          0.072480
Prevotella_intermedia            0.045834
Streptococcus_anginosus          0.043092
Monoglobus_pectinilyticus        0.034102
Clostridium_saccharolyticum      0.045535
Dorea_longicatena                0.041985
dtype: float64",0.8157894736842105
74,"Parvimonas_micra                 0.125077
Gemella_morbillorum              0.125719
Fusobacterium_nucleatum          0.089689
Peptostreptococcus_stomatis      0.088881
Dialister_pneumosintes           0.030194
Peptostreptococcus_anaerobius    0.030680
Selenomonas_sputigena            0.038776
Lactobacillus_rogosae            0.040497
Roseburia_faecis                 0.051281
Prevotella_nigrescens            0.028904
Ruminococcus_torques             0.067801
Alloprevotella_tannerae          0.054179
Prevotella_intermedia            0.031123
Streptococcus_anginosus          0.043535
Monoglobus_pectinilyticus        0.029714
Clostridium_saccharolyticum      0.047195
Dorea_longicatena                0.076754
dtype: float64",0.8026315789473685
75,"Parvimonas_micra                 0.127629
Gemella_morbillorum              0.126637
Fusobacterium_nucleatum          0.090038
Peptostreptococcus_stomatis      0.079187
Dialister_pneumosintes           0.044897
Peptostreptococcus_anaerobius    0.041017
Selenomonas_sputigena            0.024716
Lactobacillus_rogosae            0.052516
Roseburia_faecis                 0.041013
Prevotella_nigrescens            0.034244
Ruminococcus_torques             0.046035
Alloprevotella_tannerae          0.064869
Prevotella_intermedia            0.046376
Streptococcus_anginosus          0.055060
Monoglobus_pectinilyticus        0.029623
Clostridium_saccharolyticum      0.038489
Dorea_longicatena                0.057654
dtype: float64",0.8026315789473685
76,"Parvimonas_micra                 0.098984
Gemella_morbillorum              0.089701
Fusobacterium_nucleatum          0.166397
Peptostreptococcus_stomatis      0.076952
Dialister_pneumosintes           0.055217
Peptostreptococcus_anaerobius    0.043373
Selenomonas_sputigena            0.027436
Lactobacillus_rogosae            0.041346
Roseburia_faecis                 0.052982
Prevotella_nigrescens            0.039668
Ruminococcus_torques             0.049829
Alloprevotella_tannerae          0.044135
Prevotella_intermedia            0.036738
Streptococcus_anginosus          0.029977
Monoglobus_pectinilyticus        0.042503
Clostridium_saccharolyticum      0.042325
Dorea_longicatena                0.062437
dtype: float64",0.8026315789473685
77,"Parvimonas_micra                 0.104476
Gemella_morbillorum              0.119182
Fusobacterium_nucleatum          0.089536
Peptostreptococcus_stomatis      0.079164
Dialister_pneumosintes           0.047707
Peptostreptococcus_anaerobius    0.051302
Selenomonas_sputigena            0.048001
Lactobacillus_rogosae            0.031677
Roseburia_faecis                 0.050585
Prevotella_nigrescens            0.039632
Ruminococcus_torques             0.032077
Alloprevotella_tannerae          0.079750
Prevotella_intermedia            0.052235
Streptococcus_anginosus          0.051471
Monoglobus_pectinilyticus        0.035412
Clostridium_saccharolyticum      0.035127
Dorea_longicatena                0.052667
dtype: float64",0.8157894736842105
78,"Parvimonas_micra                 0.071546
Gemella_morbillorum              0.117247
Fusobacterium_nucleatum          0.131130
Peptostreptococcus_stomatis      0.079411
Dialister_pneumosintes           0.042313
Peptostreptococcus_anaerobius    0.048297
Selenomonas_sputigena            0.022686
Lactobacillus_rogosae            0.051747
Roseburia_faecis                 0.054580
Prevotella_nigrescens            0.036501
Ruminococcus_torques             0.047476
Alloprevotella_tannerae          0.061753
Prevotella_intermedia            0.048889
Streptococcus_anginosus          0.039373
Monoglobus_pectinilyticus        0.055360
Clostridium_saccharolyticum      0.047637
Dorea_longicatena                0.044053
dtype: float64",0.7763157894736842
79,"Parvimonas_micra                 0.061458
Gemella_morbillorum              0.122681
Fusobacterium_nucleatum          0.082818
Peptostreptococcus_stomatis      0.143827
Dialister_pneumosintes           0.051573
Peptostreptococcus_anaerobius    0.049071
Selenomonas_sputigena            0.044916
Lactobacillus_rogosae            0.032303
Roseburia_faecis                 0.039550
Prevotella_nigrescens            0.028207
Ruminococcus_torques             0.046128
Alloprevotella_tannerae          0.077769
Prevotella_intermedia            0.053299
Streptococcus_anginosus          0.054558
Monoglobus_pectinilyticus        0.042252
Clostridium_saccharolyticum      0.032601
Dorea_longicatena                0.036989
dtype: float64",0.7763157894736842
80,"Parvimonas_micra                 0.143752
Gemella_morbillorum              0.114412
Fusobacterium_nucleatum          0.117535
Peptostreptococcus_stomatis      0.083447
Dialister_pneumosintes           0.045489
Peptostreptococcus_anaerobius    0.027161
Selenomonas_sputigena            0.032013
Lactobacillus_rogosae            0.045060
Roseburia_faecis                 0.039236
Prevotella_nigrescens            0.031268
Ruminococcus_torques             0.069370
Alloprevotella_tannerae          0.047318
Prevotella_intermedia            0.038880
Streptococcus_anginosus          0.043863
Monoglobus_pectinilyticus        0.029873
Clostridium_saccharolyticum      0.045773
Dorea_longicatena                0.045551
dtype: float64",0.7763157894736842
81,"Parvimonas_micra                 0.095881
Gemella_morbillorum              0.085831
Fusobacterium_nucleatum          0.089464
Peptostreptococcus_stomatis      0.110118
Dialister_pneumosintes           0.042646
Peptostreptococcus_anaerobius    0.037433
Selenomonas_sputigena            0.049443
Lactobacillus_rogosae            0.038770
Roseburia_faecis                 0.036811
Prevotella_nigrescens            0.049946
Ruminococcus_torques             0.050660
Alloprevotella_tannerae          0.076059
Prevotella_intermedia            0.034119
Streptococcus_anginosus          0.031838
Monoglobus_pectinilyticus        0.064640
Clostridium_saccharolyticum      0.032600
Dorea_longicatena                0.073740
dtype: float64",0.8289473684210527
82,"Parvimonas_micra                 0.128495
Gemella_morbillorum              0.104425
Fusobacterium_nucleatum          0.137271
Peptostreptococcus_stomatis      0.082644
Dialister_pneumosintes           0.052585
Peptostreptococcus_anaerobius    0.042269
Selenomonas_sputigena            0.034893
Lactobacillus_rogosae            0.040315
Roseburia_faecis                 0.049708
Prevotella_nigrescens            0.036748
Ruminococcus_torques             0.038304
Alloprevotella_tannerae          0.053029
Prevotella_intermedia            0.041897
Streptococcus_anginosus          0.044037
Monoglobus_pectinilyticus        0.034927
Clostridium_saccharolyticum      0.035451
Dorea_longicatena                0.043002
dtype: float64",0.7894736842105263
83,"Parvimonas_micra                 0.077273
Gemella_morbillorum              0.082898
Fusobacterium_nucleatum          0.103553
Peptostreptococcus_stomatis      0.107027
Dialister_pneumosintes           0.048513
Peptostreptococcus_anaerobius    0.062714
Selenomonas_sputigena            0.041805
Lactobacillus_rogosae            0.054972
Roseburia_faecis                 0.056326
Prevotella_nigrescens            0.036776
Ruminococcus_torques             0.048805
Alloprevotella_tannerae          0.059322
Prevotella_intermedia            0.049399
Streptococcus_anginosus          0.045232
Monoglobus_pectinilyticus        0.037087
Clostridium_saccharolyticum      0.037042
Dorea_longicatena                0.051257
dtype: float64",0.8421052631578947
84,"Parvimonas_micra                 0.086563
Gemella_morbillorum              0.078224
Fusobacterium_nucleatum          0.130340
Peptostreptococcus_stomatis      0.087771
Dialister_pneumosintes           0.055200
Peptostreptococcus_anaerobius    0.049464
Selenomonas_sputigena            0.033623
Lactobacillus_rogosae            0.057910
Roseburia_faecis                 0.072177
Prevotella_nigrescens            0.037783
Ruminococcus_torques             0.041633
Alloprevotella_tannerae          0.053547
Prevotella_intermedia            0.041600
Streptococcus_anginosus          0.044377
Monoglobus_pectinilyticus        0.040172
Clostridium_saccharolyticum      0.031036
Dorea_longicatena                0.058579
dtype: float64",0.8421052631578947
85,"Parvimonas_micra                 0.104513
Gemella_morbillorum              0.117180
Fusobacterium_nucleatum          0.094026
Peptostreptococcus_stomatis      0.067447
Dialister_pneumosintes           0.063508
Peptostreptococcus_anaerobius    0.050449
Selenomonas_sputigena            0.038701
Lactobacillus_rogosae            0.036279
Roseburia_faecis                 0.039653
Prevotella_nigrescens            0.043293
Ruminococcus_torques             0.064762
Alloprevotella_tannerae          0.066619
Prevotella_intermedia            0.048472
Streptococcus_anginosus          0.038657
Monoglobus_pectinilyticus        0.032003
Clostridium_saccharolyticum      0.044170
Dorea_longicatena                0.050267
dtype: float64",0.868421052631579
86,"Parvimonas_micra                 0.093721
Gemella_morbillorum              0.112774
Fusobacterium_nucleatum          0.107512
Peptostreptococcus_stomatis      0.098081
Dialister_pneumosintes           0.054432
Peptostreptococcus_anaerobius    0.034331
Selenomonas_sputigena            0.052649
Lactobacillus_rogosae            0.039204
Roseburia_faecis                 0.033221
Prevotella_nigrescens            0.039004
Ruminococcus_torques             0.046956
Alloprevotella_tannerae          0.081151
Prevotella_intermedia            0.041467
Streptococcus_anginosus          0.030553
Monoglobus_pectinilyticus        0.033827
Clostridium_saccharolyticum      0.047077
Dorea_longicatena                0.054041
dtype: float64",0.8552631578947368
87,"Parvimonas_micra                 0.119367
Gemella_morbillorum              0.088177
Fusobacterium_nucleatum          0.105103
Peptostreptococcus_stomatis      0.082788
Dialister_pneumosintes           0.040753
Peptostreptococcus_anaerobius    0.043304
Selenomonas_sputigena            0.036741
Lactobacillus_rogosae            0.039461
Roseburia_faecis                 0.062873
Prevotella_nigrescens            0.022658
Ruminococcus_torques             0.047088
Alloprevotella_tannerae          0.074915
Prevotella_intermedia            0.066095
Streptococcus_anginosus          0.036195
Monoglobus_pectinilyticus        0.028689
Clostridium_saccharolyticum      0.035167
Dorea_longicatena                0.070625
dtype: float64",0.7631578947368421
88,"Parvimonas_micra                 0.148414
Gemella_morbillorum              0.084929
Fusobacterium_nucleatum          0.114033
Peptostreptococcus_stomatis      0.063888
Dialister_pneumosintes           0.037418
Peptostreptococcus_anaerobius    0.047053
Selenomonas_sputigena            0.033611
Lactobacillus_rogosae            0.038694
Roseburia_faecis                 0.055791
Prevotella_nigrescens            0.045902
Ruminococcus_torques             0.053024
Alloprevotella_tannerae          0.048882
Prevotella_intermedia            0.042792
Streptococcus_anginosus          0.050975
Monoglobus_pectinilyticus        0.033305
Clostridium_saccharolyticum      0.051621
Dorea_longicatena                0.049668
dtype: float64",0.8157894736842105
89,"Parvimonas_micra                 0.127334
Gemella_morbillorum              0.081900
Fusobacterium_nucleatum          0.108420
Peptostreptococcus_stomatis      0.082791
Dialister_pneumosintes           0.045469
Peptostreptococcus_anaerobius    0.052912
Selenomonas_sputigena            0.039237
Lactobacillus_rogosae            0.043753
Roseburia_faecis                 0.048911
Prevotella_nigrescens            0.045805
Ruminococcus_torques             0.039526
Alloprevotella_tannerae          0.067218
Prevotella_intermedia            0.049030
Streptococcus_anginosus          0.031827
Monoglobus_pectinilyticus        0.042100
Clostridium_saccharolyticum      0.038675
Dorea_longicatena                0.055091
dtype: float64",0.8026315789473685
90,"Parvimonas_micra                 0.084001
Gemella_morbillorum              0.101825
Fusobacterium_nucleatum          0.101915
Peptostreptococcus_stomatis      0.084279
Dialister_pneumosintes           0.065358
Peptostreptococcus_anaerobius    0.047310
Selenomonas_sputigena            0.046612
Lactobacillus_rogosae            0.037854
Roseburia_faecis                 0.049748
Prevotella_nigrescens            0.049957
Ruminococcus_torques             0.059223
Alloprevotella_tannerae          0.080035
Prevotella_intermedia            0.039315
Streptococcus_anginosus          0.041820
Monoglobus_pectinilyticus        0.025682
Clostridium_saccharolyticum      0.040350
Dorea_longicatena                0.044715
dtype: float64",0.881578947368421
91,"Parvimonas_micra                 0.096675
Gemella_morbillorum              0.128816
Fusobacterium_nucleatum          0.141413
Peptostreptococcus_stomatis      0.091143
Dialister_pneumosintes           0.047878
Peptostreptococcus_anaerobius    0.046117
Selenomonas_sputigena            0.037374
Lactobacillus_rogosae            0.039408
Roseburia_faecis                 0.046328
Prevotella_nigrescens            0.025481
Ruminococcus_torques             0.037055
Alloprevotella_tannerae          0.058177
Prevotella_intermedia            0.043449
Streptococcus_anginosus          0.040016
Monoglobus_pectinilyticus        0.027760
Clostridium_saccharolyticum      0.031453
Dorea_longicatena                0.061455
dtype: float64",0.8552631578947368
92,"Parvimonas_micra                 0.102254
Gemella_morbillorum              0.082535
Fusobacterium_nucleatum          0.109639
Peptostreptococcus_stomatis      0.093856
Dialister_pneumosintes           0.043588
Peptostreptococcus_anaerobius    0.036517
Selenomonas_sputigena            0.047624
Lactobacillus_rogosae            0.079521
Roseburia_faecis                 0.054987
Prevotella_nigrescens            0.049374
Ruminococcus_torques             0.040120
Alloprevotella_tannerae          0.065741
Prevotella_intermedia            0.044270
Streptococcus_anginosus          0.030112
Monoglobus_pectinilyticus        0.030239
Clostridium_saccharolyticum      0.041676
Dorea_longicatena                0.047949
dtype: float64",0.8289473684210527
93,"Parvimonas_micra                 0.102669
Gemella_morbillorum              0.109733
Fusobacterium_nucleatum          0.101955
Peptostreptococcus_stomatis      0.067235
Dialister_pneumosintes           0.043413
Peptostreptococcus_anaerobius    0.039437
Selenomonas_sputigena            0.032051
Lactobacillus_rogosae            0.034676
Roseburia_faecis                 0.052545
Prevotella_nigrescens            0.051401
Ruminococcus_torques             0.039336
Alloprevotella_tannerae          0.070850
Prevotella_intermedia            0.051557
Streptococcus_anginosus          0.058246
Monoglobus_pectinilyticus        0.032966
Clostridium_saccharolyticum      0.030116
Dorea_longicatena                0.081816
dtype: float64",0.7894736842105263
94,"Parvimonas_micra                 0.076115
Gemella_morbillorum              0.088282
Fusobacterium_nucleatum          0.096924
Peptostreptococcus_stomatis      0.093041
Dialister_pneumosintes           0.050044
Peptostreptococcus_anaerobius    0.069786
Selenomonas_sputigena            0.034299
Lactobacillus_rogosae            0.028529
Roseburia_faecis                 0.044104
Prevotella_nigrescens            0.038794
Ruminococcus_torques             0.074378
Alloprevotella_tannerae          0.090170
Prevotella_intermedia            0.039896
Streptococcus_anginosus          0.037880
Monoglobus_pectinilyticus        0.029656
Clostridium_saccharolyticum      0.044412
Dorea_longicatena                0.063692
dtype: float64",0.8026315789473685
95,"Parvimonas_micra                 0.106986
Gemella_morbillorum              0.111316
Fusobacterium_nucleatum          0.076382
Peptostreptococcus_stomatis      0.081348
Dialister_pneumosintes           0.046135
Peptostreptococcus_anaerobius    0.032299
Selenomonas_sputigena            0.049058
Lactobacillus_rogosae            0.039064
Roseburia_faecis                 0.060604
Prevotella_nigrescens            0.036520
Ruminococcus_torques             0.047528
Alloprevotella_tannerae          0.071543
Prevotella_intermedia            0.049361
Streptococcus_anginosus          0.035439
Monoglobus_pectinilyticus        0.045066
Clostridium_saccharolyticum      0.050039
Dorea_longicatena                0.061312
dtype: float64",0.8289473684210527
96,"Parvimonas_micra                 0.103634
Gemella_morbillorum              0.113050
Fusobacterium_nucleatum          0.100355
Peptostreptococcus_stomatis      0.103559
Dialister_pneumosintes           0.044465
Peptostreptococcus_anaerobius    0.035309
Selenomonas_sputigena            0.042575
Lactobacillus_rogosae            0.041038
Roseburia_faecis                 0.056808
Prevotella_nigrescens            0.033887
Ruminococcus_torques             0.056956
Alloprevotella_tannerae          0.050579
Prevotella_intermedia            0.040217
Streptococcus_anginosus          0.034795
Monoglobus_pectinilyticus        0.029899
Clostridium_saccharolyticum      0.049785
Dorea_longicatena                0.063089
dtype: float64",0.8289473684210527
97,"Parvimonas_micra                 0.110661
Gemella_morbillorum              0.085968
Fusobacterium_nucleatum          0.123223
Peptostreptococcus_stomatis      0.095831
Dialister_pneumosintes           0.040088
Peptostreptococcus_anaerobius    0.048939
Selenomonas_sputigena            0.049894
Lactobacillus_rogosae            0.044603
Roseburia_faecis                 0.037950
Prevotella_nigrescens            0.040937
Ruminococcus_torques             0.059062
Alloprevotella_tannerae          0.067444
Prevotella_intermedia            0.039099
Streptococcus_anginosus          0.035431
Monoglobus_pectinilyticus        0.028328
Clostridium_saccharolyticum      0.035952
Dorea_longicatena                0.056590
dtype: float64",0.8552631578947368
98,"Parvimonas_micra                 0.077726
Gemella_morbillorum              0.083123
Fusobacterium_nucleatum          0.114828
Peptostreptococcus_stomatis      0.076393
Dialister_pneumosintes           0.053618
Peptostreptococcus_anaerobius    0.046981
Selenomonas_sputigena            0.045005
Lactobacillus_rogosae            0.060477
Roseburia_faecis                 0.058384
Prevotella_nigrescens            0.036367
Ruminococcus_torques             0.051985
Alloprevotella_tannerae          0.070743
Prevotella_intermedia            0.045702
Streptococcus_anginosus          0.034642
Monoglobus_pectinilyticus        0.039379
Clostridium_saccharolyticum      0.039465
Dorea_longicatena                0.065182
dtype: float64",0.8552631578947368
99,"Parvimonas_micra                 0.108592
Gemella_morbillorum              0.111310
Fusobacterium_nucleatum          0.102692
Peptostreptococcus_stomatis      0.119221
Dialister_pneumosintes           0.035520
Peptostreptococcus_anaerobius    0.041634
Selenomonas_sputigena            0.035061
Lactobacillus_rogosae            0.036311
Roseburia_faecis                 0.043252
Prevotella_nigrescens            0.032664
Ruminococcus_torques             0.056684
Alloprevotella_tannerae          0.092913
Prevotella_intermedia            0.045714
Streptococcus_anginosus          0.032515
Monoglobus_pectinilyticus        0.030226
Clostridium_saccharolyticum      0.039702
Dorea_longicatena                0.035991
dtype: float64",0.8026315789473685
