Species,RFC_Importance
Parvimonas_micra,0.026121076908751
Peptostreptococcus_stomatis,0.022817046912097
Fusobacterium_nucleatum,0.012520175545434
Gemella_morbillorum,0.012511208647815
Dialister_pneumosintes,0.00786430756958
Dorea_longicatena,0.007662085501844
Peptostreptococcus_anaerobius,0.007447499226835
Roseburia_faecis,0.006690030832467
Faecalitalea_cylindroides,0.006574995365075
Granulicatella_elegans,0.00605072115108
Coprobacter_secundus,0.00535586972772
Prevotella_maculosa,0.005312865843826
Lachnospiraceae_bacterium_Choco86,0.005298742609858
Mogibacterium_diversum,0.005105791350511
Eubacterium_oxidoreducens,0.005001143756636
Streptococcus_sp_JS71,0.004790890140854
Tannerella_forsythia,0.004709161877832
Prevotella_bryantii,0.00466314144657
Escherichia_fergusonii,0.004649832144126
Lachnospira_multipara,0.004523578306849
Selenomonas_sputigena,0.004521302661461
Clostridium_sporosphaeroides,0.004492766792655
Clostridium_aminophilum,0.004310956444403
Bacteroides_pectinophilus,0.004267554989446
Butyricimonas_faecalis,0.004267218689832
Ruminiclostridium_josui,0.004053816405264
Gordonibacter_pamelaeae,0.004005126533965
Leptotrichia_trevisanii,0.003937513496052
Prevotella_falsenii,0.003928347622841
Coprobacter_fastidiosus,0.003908943611994
Clostridium_saccharolyticum,0.003891000775125
Mordavella_sp_Marseille-P3756,0.003834445854639
Eggerthia_catenaformis,0.003738918292699
Prevotella_intermedia,0.003663228707397
Eubacterium_callanderi,0.003630804779747
Desulfovibrio_piger,0.003542406615592
Stomatobaculum_longum,0.0035400560586
Merdimonas_faecis,0.003512733467656
Eubacterium_sulci,0.003500694409447
Bacteroides_zoogleoformans,0.0034752915463
Parasutterella_excrementihominis,0.003431691406846
Alistipes_finegoldii,0.00343111124557
Clostridium_methylpentosum,0.003374811576045
Anaerofustis_stercorihominis,0.003372888113945
Gordonibacter_urolithinfaciens,0.003367112545938
Turicibacter_sp_H121,0.003307555880455
Sutterella_wadsworthensis,0.003296914751899
Sharpea_azabuensis,0.003219061541098
Eubacterium_rectale,0.003196623584328
Lachnoanaerobaculum_saburreum,0.003167738941628
Bariatricus_massiliensis,0.003151601748859
Clostridium_baratii,0.003149898576964
Atopobium_vaginae,0.003089515235822
Streptococcus_sp_A12,0.003077213217879
Lactobacillus_rogosae,0.003050148131465
Enterococcus_columbae,0.003023085155134
Rhodospirillum_rubrum,0.0030093852523
Prevotella_copri,0.002995010004014
Streptococcus_anginosus,0.002994961953659
Klebsiella_sp_P1CD1,0.002988819030306
Brachyspira_intermedia,0.002969587898532
Brachyspira_pilosicoli,0.0029563560991
Holdemanella_biformis,0.002924822961553
Intestinibacter_bartlettii,0.002872898660151
Fusobacterium_sp_oral_taxon_203,0.002867771280005
Caviibacter_abscessus,0.002863456351504
Streptococcus_sp_FDAARGOS_520,0.002851737093028
Culturomica_massiliensis,0.002851672772727
Porphyromonas_somerae,0.002844459878637
Butyricicoccus_pullicaecorum,0.002840944207993
Olsenella_timonensis,0.002836180083932
Alterileibacterium_massiliense,0.002834090984885
Anaeromassilibacillus_senegalensis,0.002823829963356
Burkholderiales_bacterium_YL45,0.002823408228573
Anaerotignum_lactatifermentans,0.002822068624552
Blautia_schinkii,0.002814195464625
Porphyromonas_asaccharolytica,0.002774526001048
Escherichia_coli,0.00274292822181
Faecalicatena_contorta,0.00270858289145
Prevotella_saccharolytica,0.002706812560384
Neisseria_mucosa,0.002680931357932
Ruminococcus_champanellensis,0.002677854951879
Clostridium_disporicum,0.002664412464673
Collinsella_aerofaciens,0.002647377048302
Dielma_fastidiosa,0.002641143308465
Haemophilus_parainfluenzae,0.002623238582481
Ruminococcus_callidus,0.002609359351307
Bifidobacterium_dentium,0.002604586286224
Barnesiella_intestinihominis,0.002591439948621
Prevotella_ruminicola,0.002583583087609
bacterium_LF-3,0.002560368814471
Veillonella_dispar,0.002560228686577
Parabacteroides_distasonis,0.002547072378294
Massilioclostridium_coli,0.002525727111312
Lachnospiraceae_bacterium_oral_taxon_500,0.002506878072211
Bacteroides_heparinolyticus,0.002492261604721
Ruthenibacterium_lactatiformans,0.002486330327221
Prevotella_oryzae,0.002471509192548
Bacteroides_fluxus,0.00246730192863
Parabacteroides_johnsonii,0.00245873468141
Ruminococcus_lactaris,0.002451641616209
Bacteroides_caccae,0.002438584038513
Bifidobacterium_stellenboschense,0.002431612127395
Prevotella_buccae,0.002430020130003
Prevotella_dentalis,0.002428993524235
Prevotella_pallens,0.002367210105216
Bilophila_wadsworthia,0.002341080053206
Arabia_massiliensis,0.002298785973149
Desulfovibrio_legallii,0.002270644870829
Merdibacter_massiliensis,0.002269407552148
Eubacterium_coprostanoligenes,0.002260995618163
Clostridium_asparagiforme,0.002242638234806
Streptococcus_sp_I-G2,0.002242085117298
Salmonella_enterica,0.002214142771342
Fusobacterium_periodonticum,0.002202385090787
Veillonella_seminalis,0.002188424665641
Clostridium_saccharogumia,0.002165273477153
Catonella_morbi,0.002161313111848
Lachnoanaerobaculum_umeaense,0.002160497503263
Lactobacillus_delbrueckii,0.002149866543244
Acidaminococcus_intestini,0.002149102506085
Atopobium_parvulum,0.00214467492994
Streptococcus_sp_KCOM_2412,0.002141098486623
Sutterella_parvirubra,0.00213902693901
Marvinbryantia_formatexigens,0.002136533863355
Intestinibaculum_porci,0.002126822468323
Alistipes_indistinctus,0.002104943487662
Enterorhabdus_mucosicola,0.002104514397479
Streptococcus_sp_FDAARGOS_192,0.002100988362599
Catabacter_hongkongensis,0.002098674886754
Streptococcus_lutetiensis,0.002094639050738
Clostridium_spiroforme,0.002090764469862
Megasphaera_micronuciformis,0.002082561697557
Megasphaera_stantonii,0.002080615940728
Christensenella_massiliensis,0.00206833899395
Abiotrophia_defectiva,0.002065384948559
Streptococcus_gallolyticus,0.002060466759936
Alloprevotella_tannerae,0.002052806226383
Emergencia_timonensis,0.00205085372685
Clostridium_phoceensis,0.00204233615675
Streptococcus_sp_oral_taxon_431,0.002033782750832
Mogibacterium_timidum,0.002020790336008
Prevotella_sp_oral_taxon_299,0.002019662202468
Fermentimonas_caenicola,0.002012764471067
Tannerella_sp_oral_taxon_HOT-286,0.002008549408496
Streptococcus_viridans,0.002003832332153
Dialister_micraerophilus,0.001983833017718
Prevotella_nigrescens,0.001969765331744
Pasteurella_bettyae,0.001967032613114
Traorella_massiliensis,0.001964829098049
Actinomyces_sp_oral_taxon_414,0.001957304211361
Klebsiella_michiganensis,0.001948920587025
Rothia_dentocariosa,0.001947363561417
Subdoligranulum_variabile,0.001939465116033
Butyricimonas_synergistica,0.001931776140889
Haemophilus_pittmaniae,0.00191545506566
Cloacibacillus_evryensis,0.001908227405246
Leuconostoc_citreum,0.001870254655174
Acetanaerobacterium_elongatum,0.001869919721511
Megasphaera_hexanoica,0.001867275000802
Agathobaculum_desmolans,0.001866872953573
Alistipes_timonensis,0.001866110373993
Lachnospiraceae_bacterium_GAM79,0.001865020099507
Eubacterium_saphenum,0.001864900328527
Prevotella_buccalis,0.001855626190568
Alloscardovia_criceti,0.001842229068395
Lactonifactor_longoviformis,0.001827951500263
Prevotella_veroralis,0.001825451307503
Collinsella_bouchesdurhonensis,0.001815292087576
Solobacterium_moorei,0.001813830672901
Blautia_hansenii,0.001811159110061
Ruminococcus_torques,0.001794106527283
Bacteroides_coprocola,0.00178137260101
Streptococcus_macedonicus,0.001767890079691
Prevotella_brevis,0.001760394650154
Citrobacter_freundii_complex_sp_CFNIH4,0.001752806012363
Pisciglobus_halotolerans,0.001745682677565
Clostridium_leptum,0.001741831659905
Enterococcus_gilvus,0.001732437679069
Schaalia_cardiffensis,0.001723855725465
Phascolarctobacterium_succinatutens,0.001715098849851
Corynebacterium_argentoratense,0.00171183090346
Alistipes_obesi,0.00171026964832
Succinatimonas_hippei,0.001705392990206
Olsenella_sp_GAM18,0.001702884775784
Massilimicrobiota_timonensis,0.001697849229897
Aeromonas_hydrophila,0.001692261237582
Bacillus_rubiinfantis,0.001683999118052
Alistipes_shahii,0.001672986815431
Streptococcus_pyogenes,0.001666473355495
Anaerobutyricum_hallii,0.001662038035873
Brachyspira_alvinipulli,0.001660916134373
Actinomyces_pacaensis,0.001651832832214
Holdemania_massiliensis,0.001644194138645
Haemophilus_sputorum,0.001642334035812
Eubacterium_xylanophilum,0.001639145074893
Negativibacillus_massiliensis,0.001630998287425
Megasphaera_genomosp_type_1,0.001629267492269
Klebsiella_aerogenes,0.001626856141969
Alistipes_putredinis,0.001619506638864
Enterobacter_sp_CRENT-193,0.001610516283601
Gemmiger_formicilis,0.001608522374359
Collinsella_stercoris,0.001607599561564
Streptococcus_cristatus,0.001605745602342
Clostridium_chauvoei,0.001605737097617
Enterobacter_roggenkampii,0.001591850072294
Streptococcus_sanguinis,0.001587120165496
Prevotella_aff_ruminicola_Tc2-24,0.001585142535427
Bacteroides_helcogenes,0.001580934418663
Lactobacillus_iners,0.001571664760119
Hafnia_sp_CBA7124,0.001554267072778
Atopobacter_phocae,0.001541739308976
Klebsiella_quasipneumoniae,0.001533480760725
Prevotella_albensis,0.001505472564329
Eubacterium_eligens,0.001497732081834
Eubacterium_ventriosum,0.001490900436557
Erysipelotrichaceae_bacterium_I46,0.001488208568623
Porphyromonas_endodontalis,0.001483605189926
Colibacter_massiliensis,0.001481603858629
Ethanoligenens_harbinense,0.001475021067486
Oribacterium_sinus,0.001474038856295
Porphyromonas_gingivalis,0.001470389142463
Clostridium_sphenoides,0.001455275198858
Roseburia_inulinivorans,0.001453493808057
Intestinibacillus_massiliensis,0.001452880736683
Catenibacterium_mitsuokai,0.001450295747466
Bacteroides_reticulotermitis,0.001440933725986
Intestinimonas_butyriciproducens,0.001437578665516
Lutispora_thermophila,0.001437158749384
Enterobacteriaceae_bacterium_S05,0.001423229748603
Atopobium_minutum,0.001422646126275
Murdochiella_massiliensis,0.001416987177674
Actinomyces_viscosus,0.001415173201722
Citrobacter_sp_CFNIH10,0.001410600484759
Eggerthella_sp_YY7918,0.001410464831247
Streptococcus_thermophilus,0.001407303799963
Shuttleworthia_satelles,0.001406831846674
Prevotella_disiens,0.001395467675846
Anaerotruncus_colihominis,0.001393356246084
Actinomyces_hongkongensis,0.001391345608504
Bifidobacterium_catenulatum,0.001389768514444
Streptococcus_vestibularis,0.001388078360312
Ruminococcus_gauvreauii,0.001383604405172
Klebsiella_quasivariicola,0.001372493250954
Massilimaliae_massiliensis,0.001369111987635
Atopobium_rimae,0.001368315750532
Turicibacter_sanguinis,0.001361853422351
Aeromonas_sp_ASNIH4,0.001358724907546
Alistipes_senegalensis,0.001353611099299
Slackia_piriformis,0.001352030117242
Fusobacterium_hwasookii,0.001334335839599
Acidaminococcus_fermentans,0.001330255193824
Bacteroides_thetaiotaomicron,0.001325355952097
Aeromonas_fluvialis,0.001320053006464
Anaerotignum_propionicum,0.001317571187429
Citrobacter_pasteurii,0.001316694330826
Neisseria_elongata,0.001315394462534
Phoenicibacter_congonensis,0.001307529690686
Kingella_denitrificans,0.001307357729466
Libanicoccus_massiliensis,0.001306492791913
Prevotella_histicola,0.001303170879407
Odoribacter_splanchnicus,0.00129942709953
Peptoniphilus_asaccharolyticus,0.001297430629404
Prevotella_timonensis,0.001297084665131
Prevotella_oralis,0.001295219825237
Prevotella_bergensis,0.001294440038102
Bibersteinia_trehalosi,0.001288627119153
Yersinia_enterocolitica,0.001288413819431
Absiella_dolichum,0.001284261111251
Turicimonas_muris,0.001276568368683
Veillonella_montpellierensis,0.001274320581308
Acetivibrio_ethanolgignens,0.001271914508844
Leptospira_kirschneri,0.00126963003756
Eubacterium_brachy,0.001263424860224
Olsenella_uli,0.001262316621139
Lachnoclostridium_sp_YL32,0.001255859439517
Johnsonella_ignava,0.001252628713788
Alcanivorax_hongdengensis,0.00124761871577
Candidatus_Puniceispirillum_marinum,0.001246163749265
Blautia_obeum,0.001244099932285
Prevotella_dentasini,0.001241668813193
Veillonella_rodentium,0.001239587662099
Parabacteroides_sp_CT06,0.001233283607568
Streptococcus_equinus,0.001232007945549
Desulfotomaculum_copahuensis,0.001231538363874
Streptococcus_constellatus,0.001230863831777
Eubacterium_pyruvativorans,0.001229803667724
Rothia_mucilaginosa,0.00122833282984
Clostridium_sartagoforme,0.00122751853514
Enterobacter_hormaechei,0.001227223054793
Faecalicoccus_pleomorphus,0.001222973563097
Lactobacillus_rhamnosus,0.001220209473952
Sporobacter_termitidis,0.001219744377555
Fusobacterium_ulcerans,0.001208440438499
Histophilus_somni,0.001199974736935
Bacteroides_caecimuris,0.001199764495889
Butyrivibrio_crossotus,0.001192220847589
bacterium_A52C2,0.001192192985911
Peptoanaerobacter_stomatis,0.001191776934506
Prevotella_shahii,0.00118977693575
Prevotella_jejuni,0.00118780069913
Prevotella_denticola,0.001185332311507
Lactobacillus_ruminis,0.001184480799499
Bacteroides_coprosuis,0.001182800873942
Blautia_hydrogenotrophica,0.001178561576282
Streptococcus_sp_FDAARGOS_522,0.001177437121685
Provencibacterium_massiliense,0.001177171913815
Streptococcus_infantarius,0.001176434086115
Alistipes_megaguti,0.001173400330301
Lactobacillus_sanfranciscensis,0.001170564725708
Campylobacter_hominis,0.001169194288554
Streptococcus_pseudopneumoniae,0.0011683132516
Eubacterium_ramulus,0.00116783239255
Coprococcus_comes,0.001165325854601
Odoribacter_laneus,0.001159279547742
Lachnoclostridium_phocaeense,0.001150094833794
Campylobacter_concisus,0.001149736331081
bacterium_MS4,0.001148595336099
Gemella_sanguinis,0.001147759935011
Murdochiella_vaginalis,0.001142672593845
Alistipes_ihumii,0.001138789850769
Collinsella_intestinalis,0.00113604199338
Phocea_massiliensis,0.001128603427631
Parolsenella_catena,0.001118358043195
Bacteroides_cellulosilyticus,0.001110569501617
Haemophilus_sp_oral_taxon_036,0.001109067321088
Bacteroides_stercoris,0.001101455361985
Ruminobacter_amylophilus,0.001094113368423
Bittarella_massiliensis,0.001091657381275
Streptococcus_milleri,0.001090739435502
Bifidobacterium_angulatum,0.001090210391148
Scardovia_wiggsiae,0.00108573995636
Monoglobus_pectinilyticus,0.001085730424165
Bifidobacterium_saguini,0.001082727978801
Finegoldia_magna,0.001079458265345
Varibaculum_cambriense,0.001078605331866
Urmitella_timonensis,0.001075406271853
Bacteroides_plebeius,0.001071605015217
Hespellia_stercorisuis,0.001068818611553
Klebsiella_pneumoniae,0.001063682935204
Klebsiella_oxytoca,0.001063286593777
Schaalia_odontolytica,0.001058786838299
Mageeibacillus_indolicus,0.001056362400605
Streptococcus_agalactiae,0.001056319931917
Alloprevotella_rava,0.001043193956774
Streptococcus_sp_NPS_308,0.001040004998291
Peptoniphilus_senegalensis,0.001031309340243
Sellimonas_intestinalis,0.001031236275802
Eggerthella_lenta,0.001017500193164
Yersinia_rohdei,0.001008818342152
Streptococcus_pasteurianus,0.001005548375637
Porphyromonas_cangingivalis,0.001005464480874
Eubacterium_siraeum,0.001001608237493
Bacteroides_salyersiae,0.000995765447844
Megasphaera_massiliensis,0.000991889903158
Serratia_marcescens,0.000986940284645
Enterobacter_sp_E20,0.000979113905526
Christensenella_minuta,0.000975049225504
Desulfobulbus_oralis,0.000966529916263
Corynebacterium_urealyticum,0.000965142936312
Morganella_morganii,0.000963498438413
Enterobacter_sp_Crenshaw,0.000963458247235
Prevotella_enoeca,0.00096229413894
Clostridium_lundense,0.000955703302847
Alistipes_inops,0.000950029033221
Eisenbergiella_tayi,0.000945953036862
Raoultella_ornithinolytica,0.000937507288265
Actinomyces_sp_oral_taxon_897,0.000933257895815
Gemella_haemolysans,0.000932076880453
Clostridium_sporogenes,0.000932072829132
Petrimonas_mucosa,0.000926676071876
Bifidobacterium_gallinarum,0.000920812093913
Roseburia_hominis,0.000917876384642
Filifactor_alocis,0.00091353203423
Bacteroides_coprophilus,0.000894443272925
Gemella_sp_oral_taxon_928,0.000889415728669
Parascardovia_denticolens,0.000887533410649
Streptococcus_parasanguinis,0.000883977258904
Leclercia_sp_LSNIH3,0.000873407970884
Clostridiales_bacterium_CCNA10,0.000872206221273
Acidaminococcus_timonensis,0.000858975611126
Porphyromonas_bennonis,0.000857392597534
Clostridium_sp_SY8519,0.000853485582778
Eubacterium_limosum,0.000839096974496
Eubacterium_nodatum,0.000838871689026
Lactococcus_raffinolactis,0.000830914495541
Streptobacillus_hongkongensis,0.000825110874274
Succinivibrio_dextrinosolvens,0.00082189981883
Lactobacillus_crispatus,0.000819766641799
Christensenella_timonensis,0.000815142798929
Citrobacter_portucalensis,0.000813674787356
Cronobacter_sakazakii,0.000810452203886
Faecalibacterium_prausnitzii,0.000810234541578
Muribaculum_intestinale,0.000809524215061
Lactobacillus_thailandensis,0.000808571763943
Peptoniphilus_duerdenii,0.000807893576985
Anaerococcus_obesiensis,0.000807477756761
Brachyspira_murdochii,0.000795674690948
Caecibacter_massiliensis,0.000793151237977
Collinsella_tanakaei,0.00079001540592
Peptostreptococcaceae_bacterium_oral_taxon_929,0.000787626989365
Eubacterium_uniforme,0.000774194906612
Blautia_coccoides,0.000771349862259
Bifidobacterium_adolescentis,0.000765124710525
Prevotella_corporis,0.000756626259526
Campylobacter_jejuni,0.000755067608143
Lelliottia_amnigena,0.000750533049041
Edwardsiella_ictaluri,0.000749530170295
Propionibacterium_acidifaciens,0.000746051174448
Dehalococcoides_mccartyi,0.000742916987458
Enterococcus_faecium,0.000736607142857
Treponema_succinifaciens,0.000734852236684
Parabacteroides_chartae,0.000734713774175
Streptococcus_caballi,0.000729676321471
Bacteroides_nordii,0.000729089247639
Facklamia_languida,0.00072719847748
Denitrobacterium_detoxificans,0.000721771169189
Prevotella_salivae,0.000715603264074
Streptococcus_sp_oral_taxon_064,0.000713152436547
Lactobacillus_paragasseri,0.000710985096355
Corynebacterium_matruchotii,0.000710874833394
Clostridium_perfringens,0.000710183329522
Parabacteroides_goldsteinii,0.000709272685947
Bacteroides_faecichinchillae,0.000705702700513
Ruminococcus_faecis,0.000702331722711
Clostridium_chromiireducens,0.000701822916667
Akkermansia_muciniphila,0.0007
Dialister_invisus,0.000699914913933
Cloacibacillus_porcorum,0.000698956203381
Aeromonas_sp_ASNIH2,0.0006966848095
Ruminococcus_gnavus,0.000695349484823
Streptococcus_suis,0.000689971319004
Enterobacter_sp_ODB01,0.000686321907048
Lactobacillus_murinus,0.00068499200066
Enterobacter_bugandensis,0.000684258109977
Bifidobacterium_pseudocatenulatum,0.000681016158945
Neisseria_lactamica,0.000678194188467
Hyphomonas_jannaschiana,0.000676019040964
Eubacterium_plexicaudatum,0.000672988903164
Mediterranea_massiliensis,0.000672889017878
Christensenella_sp_Marseille-P3954,0.000671434617596
Prevotella_multiformis,0.000669009321619
Bifidobacterium_longum,0.000661502923338
Actinomyces_graevenitzii,0.000661157024793
Fructobacillus_durionis,0.00065929142542
Clostridium_dakarense,0.000659062012771
Citrobacter_freundii_complex_sp_CFNIH2,0.000655256545966
Dialister_succinatiphilus,0.000654530428594
Prevotella_oris,0.00065395834555
Megamonas_funiformis,0.000650793378464
Bacteroides_vulgatus,0.000650454016506
Shigella_flexneri,0.000649501890308
Dorea_formicigenerans,0.000648793626708
Olegusella_massiliensis,0.000648789943609
Campylobacter_showae,0.000645144022057
Cellulomonas_carbonis,0.000638635187362
Schaalia_turicensis,0.000629716367421
Veillonella_parvula,0.000629388204021
Campylobacter_gracilis,0.000625869984407
Peptoniphilus_grossensis,0.000625444207534
Enterorhabdus_caecimuris,0.000623505226807
Cutibacterium_acnes,0.000623242072887
Senegalimassilia_anaerobia,0.000616495398088
Collinsella_phocaeensis,0.000613358449179
Arcobacter_butzleri,0.00061194047619
Lactobacillus_perolens,0.000603433333852
Fenollaria_massiliensis,0.000598567940938
Enterobacter_cloacae_complex_sp_FDA-CDC-AR_0164,0.000592145104151
Sutterella_megalosphaeroides,0.000591916454082
Citrobacter_koseri,0.000589878580263
Streptococcus_orisratti,0.00058720897922
Bacteroides_neonati,0.000582326595616
Cryptobacterium_curtum,0.000581951449617
Clostridium_kluyveri,0.000579553075852
Raoultella_sp_X13,0.000578665577259
Leuconostoc_garlicum,0.000576104702139
Streptococcus_gordonii,0.000573126297974
Eikenella_corrodens,0.000566194111232
Lactobacillus_gastricus,0.000565643580267
Alloscardovia_omnicolens,0.000564187327824
Duodenibacillus_massiliensis,0.000563808865614
Sneathiella_glossodoripedis,0.000560669363397
Enterobacter_sp_638,0.000560541806587
Candidatus_Saccharibacteria_oral_taxon_TM7x,0.00055873015873
Lawsonia_intracellularis,0.000556873912356
Enorma_massiliensis,0.000555123022485
Fusicatenibacter_saccharivorans,0.000553624175325
Clostridium_innocuum,0.000552949270477
Clostridium_glycyrrhizinilyticum,0.00055241246209
Pluralibacter_gergoviae,0.000551451302675
Angelakisella_massiliensis,0.000550964187328
Bifidobacterium_choerinum,0.000542363621055
Anaerotignum_neopropionicum,0.000540113048369
Bifidobacterium_bifidum,0.000533469227288
Lactococcus_piscium,0.000533340928078
Urinicoccus_massiliensis,0.000532009136145
Pseudomonas_putida,0.000531078941134
Bacillus_subtilis,0.000530880249492
Faecalibaculum_rodentium,0.000526542455502
Plautia_stali_symbiont,0.000525368731241
Cedecea_lapagei,0.000519737644162
Megasphaera_cerevisiae,0.000516794813873
Ruminococcus_bicirculans,0.000516145228606
Mobilibacterium_timonense,0.000512665155351
Lactobacillus_salivarius,0.000512193911377
Kluyvera_intermedia,0.000511075611347
Mogibacterium_pumilum,0.000507999340261
Prevotella_stercorea,0.000507501912922
Desulfonispora_thiosulfatigenes,0.000506027923247
Streptococcus_mitis,0.000505241537322
Streptococcus_mutans,0.000504071102125
Pseudomonas_sp_WCS374,0.000503432494279
Erysipelotrichaceae_bacterium_GAM147,0.000501302083333
Enterobacter_cloacae_complex_sp_ECNIH7,0.000500957613815
Caldanaerobius_polysaccharolyticus,0.000500910746812
Selenomonas_bovis,0.000498424722999
Anaerobium_acetethylicum,0.000497842657063
Plesiomonas_shigelloides,0.000497632006786
Prevotella_scopos,0.000496782921279
Roseburia_intestinalis,0.000495709337669
Megamonas_hypermegale,0.000494938132733
Peptoniphilus_coxii,0.000494726663518
Enterococcus_sp_FDAARGOS_553,0.000494446045662
Effusibacillus_pohliae,0.000491756680007
Pulveribacter_suum,0.000491752323662
Papillibacter_cinnamivorans,0.000491287966739
Kandleria_vitulina,0.000486069850225
Citrobacter_freundii_complex_sp_CFNIH9,0.000485630834616
Enterococcus_casseliflavus,0.000484848484848
Cardiobacterium_valvarum,0.000483204134367
Prevotella_multisaccharivorax,0.000482967097812
Pantoea_stewartii,0.000480743527537
Lachnobacterium_bovis,0.000479459518361
Aeromonas_dhakensis,0.000478303251426
Gordonibacter_massiliensis,0.000476700241808
Eubacterium_minutum,0.000475928340335
Riemerella_columbina,0.000475230414747
Prevotella_bivia,0.000472740240292
Pantoea_ananatis,0.00047239591684
Campylobacter_fetus,0.000472027972028
Anaerostipes_caccae,0.000471291136169
Serratia_plymuthica,0.00047077358846
Enterococcus_italicus,0.000470636132316
Flavobacterium_fontis,0.000464817958876
Bacteroides_paurosaccharolyticus,0.000460130718954
Akkermansia_glycaniphila,0.000458757388262
Anaerococcus_vaginalis,0.000455955334988
Romboutsia_timonensis,0.000455362251335
Corynebacterium_durum,0.000454921422663
Desulfovibrio_sp_G11,0.000454549650792
Propionimicrobium_lymphophilum,0.000454545454545
Kallipyga_gabonensis,0.00045371648685
Clostridium_cocleatum,0.000453704192677
Gemella_bergeri,0.000453364817001
Pseudoclostridium_thermosuccinogenes,0.000451360960541
Bifidobacterium_pseudolongum,0.000449976204461
Fournierella_massiliensis,0.000448734840039
Victivallales_bacterium_CCUG_44730,0.000446984126984
Mycoplasma_alvi,0.000444809502748
Haemophilus_haemolyticus,0.000440558198037
Enterobacteriaceae_bacterium_ENNIH2,0.000435428005938
Pseudomonas_rhodesiae,0.000434312664578
Citrobacter_amalonaticus,0.000433824032865
Streptococcus_oralis,0.000433000997364
Ornithobacterium_rhinotracheale,0.000432650808626
Acinetobacter_ursingii,0.000430247718383
Bacteroides_salanitronis,0.000426456992154
Dickeya_zeae,0.000420856569399
Alkalibacter_saccharofermentans,0.000417209908735
Dolosigranulum_pigrum,0.00041501603471
Peptoniphilus_harei,0.000410328145946
Kangiella_profundi,0.000410065359906
Allisonella_histaminiformans,0.00040793857743
Eubacterium_yurii,0.000405733397038
Actinomyces_israelii,0.000403892545924
Prevotellamassilia_timonensis,0.000403623437679
Anaerococcus_prevotii,0.000401750069126
Rikenella_microfusus,0.000401448354018
Lactobacillus_alimentarius,0.00040072859745
Lactobacillus_kefiranofaciens,0.000396792870154
Prevotella_loescheii,0.000396606950279
Desulfobacter_postgatei,0.000394397759104
Yokenella_regensburgei,0.000389208314905
Clostridium_paraputrificum,0.00038671875
Clostridium_tepidum,0.000385808360374
Neofamilia_massiliensis,0.000381646283286
Lactobacillus_sakei,0.000381571815718
Clostridium_citroniae,0.000381145782003
Cetobacterium_somerae,0.000377095720178
Lactobacillus_bifermentans,0.000376623376623
Lactobacillus_gallinarum,0.000376124885216
Enterobacter_asburiae,0.00037526652452
Fusobacterium_gonidiaformans,0.000372705882353
Eubacterium_cellulosolvens,0.000370674585624
Citrobacter_rodentium,0.000370674585624
Succinispira_mobilis,0.000370550030991
Coprococcus_eutactus,0.0003694823473
Levyella_massiliensis,0.000367563151316
Kosakonia_sacchari,0.000364052505602
Prevotella_fusca,0.000363937138131
Granulicatella_adiacens,0.000362003068049
Citrobacter_sp_FDAARGOS_156,0.000361493790933
Citrobacter_sp_92,0.000358473011441
Adlercreutzia_equolifaciens,0.000353177257525
Corynebacterium_camporealensis,0.00035261707989
Clostridium_sp_BNL1100,0.000349206349206
Clostridium_symbiosum,0.000348436197909
Bradyrhizobium_elkanii,0.000345962946582
Marinilactibacillus_piezotolerans,0.000345504298073
Enterobacter_cloacae_complex_sp,0.000341717401472
Streptococcus_himalayensis,0.000339948814525
Porphyromonas_macacae,0.000338610258261
Helicobacter_trogontum,0.000333400576879
Bacteroides_barnesiae,0.000307416993438
Prevotella_amnii,0.000306919642857
Lactobacillus_casei,0.000301514756993
Clostridium_hylemonae,0.000295358194626
Collinsella_ihuae,0.000295160837196
Salmonella_bongori,0.000293176972281
Dickeya_sp_DW_0440,0.000291425745971
Pseudomonas_sp_JY-Q,0.000290909090909
Enterobacter_cloacae_complex_sp_FDA-CDC-AR_0132,0.000290492116579
Lawsonella_clevelandensis,0.000290384810641
Kosakonia_cowanii,0.000290384810641
Phascolarctobacterium_faecium,0.00028738512949
Hungatella_hathewayi,0.000286008678136
Candidatus_Arthromitus_sp_SFB-rat-Yit,0.000282821790133
Citrobacter_farmeri,0.000281672181525
Myroides_odoratimimus,0.000280274552217
Pasteurellaceae_bacterium_NI1060,0.00027972027972
Leuconostoc_pseudomesenteroides,0.00027945486406
Butyrivibrio_proteoclasticus,0.000278190114905
Moraxella_osloensis,0.000277325229674
Bacillus_acidiproducens,0.000274689871597
Mycoplasma_agassizii,0.000272551296942
Desulfuromonas_acetexigens,0.000269550670342
Olsenella_scatoligenes,0.000267823965142
Clostridium_isatidis,0.0002671523983
Selenomonas_sp_oral_taxon_126,0.000266605307563
Erwinia_tasmaniensis,0.000265645764576
Bacteroides_uniformis,0.00026524356604
Enterobacter_sp_HK169,0.000263281375542
Proteiniclasticum_ruminis,0.000263232322417
Erysipelatoclostridium_ramosum,0.000262931839402
Centipeda_periodontii,0.000262896483895
Ruminococcus_flavefaciens,0.000261904761905
Lactobacillus_brevis,0.000261238337574
Klebsiella_sp_LTGPAF-6F,0.000260661681454
Anaerostipes_hadrus,0.00025974025974
Ruminococcus_bromii,0.000257110718303
Selenomonas_ruminantium,0.000256896803386
Clostridium_bolteae,0.000256505417605
Caldicoprobacter_oshimai,0.000256238373388
Kosakonia_sp_CCTCC_M2018092,0.000256069466596
Shigella_dysenteriae,0.00025590694293
Desulfotomaculum_guttoideum,0.000254998551145
Aeromonas_sp_ASNIH5,0.000254981166164
Clostridium_viride,0.000254381210479
Leclercia_sp_W6,0.000253663413854
Oscillibacter_sp_PEA192,0.000252525252525
Bacteroides_luti,0.000252204585538
Aeromonas_veronii,0.00024890617404
Blautia_producta,0.000247695989988
Actinobacillus_pleuropneumoniae,0.0002474817201
Veillonella_magna,0.00024649859944
Erwinia_tracheiphila,0.000246354532462
Candidatus_Fokinia_solitaria,0.000245733178447
Actinomyces_johnsonii,0.000245657568238
Siccibacter_turicensis,0.000244889698442
Alkanindiges_illinoisensis,0.000244820947247
Bacillus_andreraoultii,0.000244444444444
Lautropia_mirabilis,0.000244444444444
Mitsuokella_multacida,0.000244438832901
Corynebacterium_atypicum,0.000242615970185
Shigella_sp_PAMC_28760,0.000242424242424
Actinomyces_oris,0.000241904447743
Brachyspira_hyodysenteriae,0.000240938480655
Neglecta_timonensis,0.000240938480655
Anaerotruncus_rubiinfantis,0.00024062053892
Pseudomonas_aeruginosa,0.000240423082177
Streptococcus_dysgalactiae,0.000240116420082
Oscillibacter_valericigenes,0.000238817401557
Sodalis_praecaptivus,0.000238142714713
Ralstonia_pickettii,0.00023695256197
Eubacterium_ruminantium,0.000235903851309
Bacillus_tuaregi,0.000235454780909
Mycoplasma_pirum,0.000233959588798
Paracoccus_alkenifer,0.000232228269833
Clostridium_bornimense,0.000230809582095
Streptococcus_equi,0.000230809582095
Pseudobutyrivibrio_ruminis,0.000229885761226
Anaerocolumna_xylanovorans,0.000227038183695
Acetitomaculum_ruminis,0.000226648351648
Erysipelothrix_rhusiopathiae,0.000223918575064
Anaerovorax_odorimutans,0.000223492063492
Enterococcus_cecorum,0.000223492063492
Megasphaera_elsdenii,0.000223091409532
Bifidobacterium_gallicum,0.000222965440357
Enterococcus_durans,0.000222626998583
Haemophilus_aegyptius,0.000222626998583
Pectobacterium_polaris,0.000222626998583
Corynebacterium_pseudodiphtheriticum,0.00022218883547
Prevotella_aurantiaca,0.000221605767631
Helicobacter_cinaedi,0.000220862745098
Prevotella_oulorum,0.000220735785953
Leuconostoc_gelidum,0.000219458128079
Streptococcus_pluranimalium,0.000218253968254
Simonsiella_muelleri,0.000217714002969
Aggregatibacter_segnis,0.000215984046633
Lactobacillus_crustorum,0.00021484375
Kingella_oralis,0.00021484375
Lactococcus_lactis,0.00021484375
Moraxella_nonliquefaciens,0.00021484375
Sneathia_amnii,0.000212594944402
Streptococcus_plurextorum,0.000212468009078
Ndongobacter_massiliensis,0.000211570247934
Halotalea_alkalilenta,0.000209523809524
Cedecea_neteri,0.000205164072973
Citrobacter_sp_86,0.000205164072973
Asaia_astilbis,0.000205164072973
Dysgonomonas_macrotermitis,0.000204714640199
Pandoraea_pnomenusa,0.000204714640199
Enterococcus_massiliensis,0.000203969288715
Clostridium_amylolyticum,0.00020202020202
Anaerovibrio_lipolyticus,0.00020202020202
Leclercia_adecarboxylata,0.000200364298725
Citrobacter_braakii,0.000200364298725
Clostridium_scindens,0.000199207696661
Mannheimia_sp_USDA-ARS-USMARC-1261,0.000196428571429
Helcococcus_kunzii,0.000196428571429
Serratia_sp_ATCC_39006,0.000196209587514
Enterococcus_devriesei,0.000194604157452
Lelliottia_jeotgali,0.000194604157452
Mailhella_massiliensis,0.000193523558195
Streptococcus_respiraculi,0.000190972222222
Thermus_parvatiensis,0.000190972222222
Neisseria_meningitidis,0.000188547860089
Mangrovibacter_phragmitis,0.000188547860089
Cronobacter_condimenti,0.00018675721562
Sanguibacteroides_justesenii,0.000186243386243
Bifidobacterium_tsurumiense,0.000184151785714
Hafnia_paralvei,0.000184151785714
Leptotrichia_sp_oral_taxon_498,0.000184052287582
Enterobacter_lignolyticus,0.000184052287582
Desemzia_incerta,0.000181968569065
Clostridium_neonatale,0.000181968569065
Serratia_sp_MYb239,0.000181968569065
Clostridium_puniceum,0.000178101598867
Negativicoccus_massiliensis,0.000176308539945
Bacteroidales_bacterium_CF,0.000176308539945
Millionella_massiliensis,0.000172981473291
Paeniclostridium_sordellii,0.000172981473291
Streptobacillus_notomytis,0.000169974407263
Bifidobacterium_crudilactis,0.00016369047619
Prevotella_nanceiensis,0.000159767610748
Succinimonas_amylolytica,0.000156361051883
Bifidobacterium_biavatii,0.000153544531303
Schaalia_meyeri,0.000152777777778
Enterococcus_saccharolyticus,0.000151515151515
Escherichia_albertii,0.000151515151515
Pseudomonas_mandelii,0.000151317146984
Tetrasphaera_japonica,0.000149279050042
Clostridium_merdae,0.000149279050042
Coriobacteriaceae_bacterium_68-1-3,0.000147157190635
Acinetobacter_johnsonii,0.000145142668646
Lonsdalea_britannica,0.000143229166667
Streptococcus_varani,0.000142184306407
Streptococcus_pneumoniae,0.000139936542146
Erwinia_sp_Ejp617,0.000139682539683
Lactobacillus_suebicus,0.000137844611529
Corynebacterium_sp_NML98-0116,0.000136476426799
Acutalibacter_muris,0.000135015532236
Leptotrichia_sp_oral_taxon_847,0.000134990029146
Serratia_liquefaciens,0.00013357619915
Streptococcus_marimammalium,0.00013357619915
Pseudomonas_otitidis,0.00013357619915
Streptococcus_acidominimus,0.000132679852568
Streptococcus_australis,0.000130940123985
Clostridium_saccharoperbutylacetonicum,0.000129736104968
Moraxella_porci,0.000128579777908
Oribacterium_parvum,0.000128152412281
Leptotrichia_buccalis,0.000120952788475
Actinomyces_gerencseriae,0.000117167919799
Clostridium_septicum,0.000110084273094
Asaccharospora_irregularis,7.92831752584076E-05
Ileibacterium_valens,7.90516921514645E-05
Clostridium_ihumii,7.4931129476584E-05
Peptostreptococcus_russellii,7.41640398923135E-05
Corynebacterium_aurimucosum,7.37136960047181E-05
Klebsiella_sp_FDAARGOS_511,6.57568238213408E-05
Bacteroides_graminisolvens,6.37522768670315E-05
Helcococcus_sueciensis,3.01447212482451E-05
Deinococcus_wulumuqiensis,2.45712320015724E-05
Anaerosporobacter_mobilis,2.4056437389771E-05
Bifidobacterium_scardovii,0
Bifidobacterium_subtile,0
Bifidobacterium_reuteri,0
Serratia_sp_P2ACOL2,0
Bifidobacterium_thermophilum,0
Brachyspira_hampsonii,0
Slackia_heliotrinireducens,0
Slackia_exigua,0
Serratia_symbiotica,0
Brochothrix_thermosphacta,0
Staphylococcus_aureus,0
Shewanella_algae,0
Solemya_velesiana_gill_symbiont,0
Shimwellia_blattae,0
Bordetella_sp_HZ20,0
Blautia_sp_YL58,0
Bifidobacterium_mongoliense,0
Bradyrhizobium_sp_SK17,0
Blautia_sp_N6H1-15,0
Serratia_sp_SSNIH1,0
Lactobacillus_amylophilus,0
Brucella_microti,0
Bulleidia_extructa,0
Rodentibacter_heylii,0
Rodentibacter_pneumotropicus,0
Romboutsia_lituseburensis,0
Rufibacter_sp_DG15C,0
Ruminiclostridium_cellulolyticum,0
Cetobacterium_ceti,0
Cellulosilyticum_sp_WCF-2,0
Cellulosilyticum_ruminicola,0
Cellulosilyticum_lentocellum,0
Ruminococcaceae_bacterium,0
Celeribacter_halophilus,0
Ruminococcaceae_bacterium_CPB6,0
Ruminococcus_albus,0
Carnobacterium_maltaromaticum,0
Carnobacterium_gallinarum,0
Chryseobacterium_gallinarum,0
Chryseobacterium_molle,0
Robinsoniella_peoriensis,0
Quasibacillus_thermotolerans,0
Pseudoramibacter_alactolyticus,0
Citrobacter_youngae,0
Citrobacter_werkmanii,0
Pseudovibrio_stylochi,0
Citrobacter_sp_CRE-46,0
Pyramidobacter_piscolens,0
Rahnella_aquatilis,0
Citrobacter_freundii,0
Ralstonia_insidiosa,0
Ralstonia_mannitolilytica,0
Ralstonia_pseudosolanacearum,0
Ralstonia_solanacearum,0
Citrobacter_freundii_complex_sp_CFNIH3,0
Raoultella_planticola,0
Carnobacterium_divergens,0
Scardovia_inopinata,0
Cardiobacterium_hominis,0
Serratia_ficaria,0
Selenomonas_sp_oral_taxon_136,0
Selenomonas_sp_oral_taxon_478,0
Campylobacter_curvus,0
Selenomonas_sp_oral_taxon_920,0
Campylobacter_coli,0
Caloramator_mitchellensis,0
Butyrivibrio_hungatei,0
Campylobacter_lari,0
Butyrivibrio_fibrisolvens,0
Serratia_quinivorans,0
Serratia_sp_FS14,0
Serratia_sp_JKS000199,0
Serratia_sp_LS-1,0
Burkholderiales_bacterium_GJ-E10,0
Staphylococcus_capitis,0
Selenomonas_artemidis,0
Capnocytophaga_sp_oral_taxon_864,0
Schleiferia_thermophila,0
Capnocytophaga_ochracea,0
Capnocytophaga_leadbetteri,0
Capnocytophaga_granulosa,0
Capnocytophaga_gingivalis,0
Capnocytophaga_cynodegmi,0
Capnocytophaga_canimorsus,0
Candidatus_Midichloria_mitochondrii,0
Campylobacter_sputorum,0
Candidatus_Liberibacter_africanus,0
Candidatus_Izimaplasma_sp_HR1,0
Candidatus_Carsonella_ruddii,0
Candidatus_Arthromitus_sp_SFB-mouse,0
Campylobacter_ureolyticus,0
Campylobacter_upsaliensis,0
Bifidobacterium_minimum,0
Streptococcus_parauberis,0
Bifidobacterium_lemurum,0
Aeromonas_sp_ASNIH7,0
Treponema_phagedenis,0
Treponema_porcinum,0
Treponema_socranskii,0
Aggregatibacter_aphrophilus,0
Aggregatibacter_actinomycetemcomitans,0
Treponema_sp_OMZ_838,0
Aeromonas_sp_CU5,0
Treponema_vincentii,0
Amphibacillus_sediminis,0
Aeromonas_sp_ASNIH3,0
Tropheryma_whipplei,0
Aeromonas_sp_ASNIH1,0
Aeromonas_salmonicida,0
Aeromonas_rivipollensis,0
Trueperella_bernardiae,0
Tyzzerella_nexilis,0
Algoriphagus_faecimaris,0
Treponema_medium,0
Treponema_maltophilum,0
Treponema_lecithinolyticum,0
Tetragenococcus_halophilus,0
Thalassobaculum_salexigens,0
Thermotalea_metallivorans,0
Thermus_antranikianii,0
Allofustis_seminis,0
Allobaculum_stercoricanis,0
Thermus_brockianus,0
Alkalimonas_amylolytica,0
Thermus_scotoductus,0
Thiohalospira_halophila,0
Tissierella_praeacuta,0
Tolumonas_auensis,0
Trabulsiella_odontotermitis,0
Treponema_berlinense,0
Treponema_denticola,0
Aeromonas_eucrenophila,0
Aeromonas_caviae,0
Aerococcus_viridans,0
Acinetobacter_tandoii,0
Acinetobacter_lwoffii,0
Acinetobacter_indicus,0
Acinetobacter_haemolyticus,0
Acinetobacter_baumannii,0
Acidovorax_soli,0
Acidovorax_delafieldii,0
Yersinia_aldovae,0
Yersinia_frederiksenii,0
Yersinia_massiliensis,0
Acholeplasma_modicum,0
Acholeplasma_brassicae,0
Acholeplasma_axanthum,0
Yersinia_ruckeri,0
Youngiibacter_fragilis,0
Zhihengliuella_sp_ISTPL4,0
Acinetobacter_sp_WCHA55,0
Xylella_fastidiosa,0
Aerococcus_urinae,0
Actinobacillus_porcitonsillarum,0
Aerococcus_christensenii,0
Weissella_cibaria,0
Actinotignum_schaalii,0
Weissella_paramesenteroides,0
Actinomyces_urinae,0
Actinomyces_timonensis,0
Williamwhitmania_taraxaci,0
Winkia_neuii,0
Xanthomonas_campestris,0
Actinomyces_massiliensis,0
Xanthomonas_massiliensis,0
Xenorhabdus_bovienii,0
Xenorhabdus_poinarii,0
Actinomyces_dentalis,0
Actinobaculum_massiliense,0
Amphibacillus_jilinensis,0
Anaerobiospirillum_succiniciproducens,0
Staphylococcus_cohnii,0
Streptococcus_merionis,0
Bacteroides_pyogenes,0
Bacteroides_propionicifaciens,0
Streptococcus_henryi,0
Streptococcus_intermedius,0
Bacteroides_ovatus,0
Streptococcus_macacae,0
Streptococcus_massiliensis,0
Bacteroides_fragilis,0
Terrisporobacter_glycolicus,0
Streptococcus_ovis,0
Cloacibacterium_normanense,0
Bacteroides_dorei,0
Streptococcus_phocae,0
Streptococcus_porci,0
Streptococcus_pseudoporcinus,0
Streptococcus_ratti,0
Streptococcus_entericus,0
Streptococcus_criceti,0
Streptobacillus_moniliformis,0
Stenotrophomonas_sp_KCTC_12332,0
Staphylococcus_hominis,0
Staphylococcus_lugdunensis,0
Staphylococcus_muscae,0
Bifidobacterium_callitrichos,0
Bifidobacterium_breve,0
Staphylococcus_pasteuri,0
Bifidobacterium_animalis,0
Staphylococcus_pseudintermedius,0
Bifidobacterium_aesculapii,0
Staphylococcus_warneri,0
Stenotrophomonas_maltophilia,0
Beduini_massiliensis,0
Bavariicoccus_seileri,0
Barnesiella_viscericola,0
Stenotrophomonas_nitritireducens,0
Streptococcus_ruminantium,0
Bacillus_licheniformis,0
Bacillus_coagulans,0
Sulfurimonas_gotlandica,0
Anaerosalibacter_massiliensis,0
Syntrophomonas_zehnderi,0
Anaerolineaceae_bacterium_oral_taxon_439,0
Anaeroglobus_geminatus,0
Syntrophus_gentianae,0
Anaerocolumna_aminovalerica,0
Tatumella_citrea,0
Anaerococcus_tetradius,0
Anaerococcus_provencensis,0
Tatumella_saanichensis,0
Anaerococcus_pacaensis,0
Tepidicaulis_marinus,0
Anaerococcus_mediterraneensis,0
Anaerococcus_lactolyticus,0
Terasakiella_pusilla,0
Synergistes_jonesii,0
Suicoccus_acidiformans,0
Bacillus_cereus,0
Succiniclasticum_ruminis,0
Bacillus_bogoriensis,0
Aureimonas_phyllosphaerae,0
Streptococcus_salivarius,0
Streptococcus_sobrinus,0
Streptococcus_sp_ChDC_B345,0
Streptococcus_sp_FDAARGOS_521,0
Atopobium_deltae,0
Streptococcus_sp_I-P16,0
Atlantibacter_hermannii,0
Arsenophonus_endosymbiont_of_Nilaparvata_lugens,0
Arcobacter_lekithochrous,0
Streptococcus_sp_group_B,0
Arcanobacterium_urinimassiliense,0
Streptococcus_urinalis,0
Anoxybacter_fermentans,0
Pseudopropionibacterium_propionicum,0
Pseudoflavonifractor_capillosus,0
Clostridiales_bacterium,0
Marinobacter_hydrocarbonoclasticus,0
Macrococcus_sp_IME1552,0
Fenollaria_timonensis,0
Malonomonas_rubra,0
Fastidiosipila_sanguinis,0
Mannheimia_haemolytica,0
Faecalicatena_fissicatena,0
Mariniphaga_anaerophila,0
Facklamia_miroungae,0
Luteimonas_huabeiensis,0
Marinomonas_fungiae,0
Facklamia_ignava,0
Facklamia_hominis,0
Ezakiella_massiliensis,0
Megasphaera_paucivorans,0
Meiothermus_silvanus,0
Mesoplasma_chauliocola,0
Lysinibacillus_timonensis,0
Flavobacterium_marinum,0
Methyloversatilis_universalis,0
Leptotrichia_wadei,0
Gemella_sp_ND_6198,0
Leminorella_richardii,0
Leptospira_broomii,0
Leptotrichia_sp_oral_taxon_212,0
Gemella_asaccharolytica,0
Gardnerella_vaginalis,0
Fusobacterium_varium,0
Fusobacterium_perfoetens,0
Flavonifractor_plautii,0
Fusobacterium_necrophorum,0
Fusobacterium_mortiferum,0
Fusobacterium_massiliense,0
Leuconostoc_lactis,0
Leuconostoc_mesenteroides,0
Franconibacter_pulveris,0
Lonsdalea_quercina,0
Metakosakonia_sp_MRY16-398,0
Microbacterium_aurum,0
Lelliottia_sp_WB101,0
Neisseria_cinerea,0
Enterococcus_sp_CR-Ec1,0
Enterococcus_pseudoavium,0
Enterococcus_mundtii,0
Enterococcus_malodoratus,0
Enterococcus_hirae,0
Enterococcus_hermanniensis,0
Enterococcus_gallinarum,0
Enterococcus_faecalis,0
Necropsobacter_massiliensis,0
Enterococcus_dispar,0
Neisseria_gonorrhoeae,0
Enterococcus_canis,0
Enterococcus_asini,0
Enterobacteriaceae_bacterium_strain_FGI_57,0
Neisseria_polysaccharea,0
Enterobacteriaceae_bacterium_ENNIH3,0
Enterococcus_sp_FDAARGOS_375,0
Enterococcus_thailandicus,0
Microbacterium_paraoxydans,0
Mycolicibacterium_malmesburyense,0
Microbacterium_sp_PAMC_28756,0
Micrococcus_luteus,0
Mixta_calida,0
Mobiluncus_curtisii,0
Mobiluncus_mulieris,0
Moraxella_catarrhalis,0
Mucinivorans_hirudinis,0
Escherichia_marmotae,0
Enterococcus_wangshanyuanii,0
Mycoplasma_opalescens,0
Mycoplasma_sp_(ex_Biomphalaria_glabrata),0
Erwinia_teleogrylli,0
Erwinia_persicina,0
Erwinia_oleae,0
Erwinia_mallotivora,0
Erwinia_iniecta,0
Leminorella_grimontii,0
Geobacter_sulfurreducens,0
Pseudomonas_versuta,0
Lactobacillus_manihotivorans,0
Klebsiella_variicola,0
Lactobacillus_hayakitensis,0
Klebsiella_sp_M5al,0
Lactobacillus_helveticus,0
Lactobacillus_hominis,0
Lactobacillus_ingluviei,0
Lactobacillus_johnsonii,0
Lactobacillus_mucosae,0
Kluyvera_cryocrescens,0
Lactobacillus_oryzae,0
Lactobacillus_panis,0
Kangiella_geojedonensis,0
Lactobacillus_paracasei,0
Kallipyga_massiliensis,0
Lactobacillus_pentosus,0
Jonquetella_anthropi,0
Kluyvera_ascorbata,0
Lactobacillus_gigeriorum,0
Lactobacillus_pontis,0
Lachnospiraceae_bacterium,0
Lactobacillus_amylovorus,0
Lactobacillus_agilis,0
Lactobacillus_acidophilus,0
Lactobacillus_acidipiscis,0
Lactobacillus_acetotolerans,0
Lactobacillus_animalis,0
Lactobacillus_antri,0
Lactobacillus_camelliae,0
Lactobacillus_gasseri,0
Lactobacillus_curvatus,0
Lactobacillus_equi,0
Lactobacillus_equicursoris,0
Lactobacillus_fermentum,0
Lactobacillus_frumenti,0
Kosakonia_radicincitans,0
Kosakonia_oryzae,0
Lactobacillus_plantarum,0
Lactobacillus_reuteri,0
Gibbsiella_quercinecans,0
Leclercia_sp_LSNIH1,0
Helicobacter_canadensis,0
Hathewaya_proteolytica,0
Lagierella_massiliensis,0
Hafnia_alvei,0
Lamprocystis_purpurea,0
Leadbetterella_byssophila,0
Haemophilus_influenzae,0
Haematospirillum_jordaniae,0
Helicobacter_macacae,0
Leclercia_sp_W17,0
Granulicatella_balaenopterae,0
Gottschalkia_purinilytica,0
Legionella_londiniensis,0
Lelliottia_nimipressuralis,0
Globicatella_sulfidifaciens,0
Glaesserella_parasuis,0
Helicobacter_fennelliae,0
Helicobacter_pylori,0
Lactobacillus_rossiae,0
Hungateiclostridium_clariflavum,0
Lactobacillus_satsumensis,0
Insolitispirillum_peregrinum,0
Ignavigranum_ruoffiae,0
Lactobacillus_sp_D1501,0
Hydrogenoanaerobacterium_saccharovorans,0
endosymbiont_TC1_of_Trimyema_compressum,0
Hungateiclostridium_saccincola,0
Hungateiclostridium_cellulolyticum,0
Helicobacter_typhlonius,0
Hungateiclostridiaceae_bacterium_KB18,0
Lactobacillus_uvarum,0
Lactobacillus_vaginalis,0
Lactococcus_garvieae,0
Herbinix_luporum,0
Hellea_balneolensis,0
Heliobacterium_modesticaldum,0
Neisseria_sicca,0
Enterobacteriaceae_bacterium_ENNIH1,0
Enterobacter_sp_SA187,0
Clostridium_sulfidigenes,0
Prevotella_melaninogenica,0
Prevotella_micans,0
Clostridium_ventriculi,0
Clostridium_uliginosum,0
Clostridium_thermobutyricum,0
Clostridium_thermoalcaliphilum,0
Clostridium_taeniosporum,0
Prevotella_paludivivens,0
Prevotella_ihumii,0
Propionimicrobium_sp_Marseille-P3275,0
Proteiniphilum_saccharofermentans,0
Proteus_mirabilis,0
Proteus_vulgaris,0
Providencia_alcalifaciens,0
Providencia_rustigianii,0
Pseudescherichia_vulneris,0
Prevotella_marshii,0
Prevotella_baroniae,0
Clostridium_polysaccharolyticum,0
Corynebacterium_accolens,0
Phytobacter_sp_SCO41,0
Corynebacterium_massiliense,0
Corynebacterium_jeikeium,0
Corynebacterium_ihumii,0
Phytobacter_ursingii,0
Pontibacillus_litoralis,0
Porphyromonas_catoniae,0
Porphyromonas_circumdentaria,0
Collinsella_massiliensis,0
Porphyromonas_crevioricanis,0
Porphyromonas_gingivicanis,0
Porphyromonas_levii,0
Comamonas_kerstersii,0
Colwellia_marinimaniae,0
Porticoccus_hydrocarbonoclasticus,0
Pragia_fontium,0
Clostridium_saccharobutylicum,0
Clostridium_polynesiense,0
Enterobacter_sp_R4-368,0
Clostridium_butyricum,0
Pseudomonas_sp_FDAARGOS_380,0
Pseudomonas_sp_HLS-6,0
Clostridium_cellulovorans,0
Clostridium_cellulosi,0
Clostridium_celatum,0
Clostridium_cavendishii,0
Clostridium_cadaveris,0
Clostridium_botulinum,0
Clostridium_cochlearium,0
Clostridium_beijerinckii,0
Pseudomonas_sp_TMW_21634,0
Pseudomonas_sp_VLB120,0
Pseudomonas_thermotolerans,0
Clostridium_algidicarnis,0
Clostridioides_mangenotii,0
Clostridioides_difficile,0
Pseudomonas_savastanoi,0
Pseudomonas_psychrophila,0
Pseudodesulfovibrio_profundus,0
Clostridium_homopropionicum,0
Lactobacillus_amylolyticus,0
Clostridium_oryzae,0
Pseudomonas_balearica,0
Pseudomonas_citronellolis,0
Pseudomonas_fluorescens,0
Clostridium_intestinale,0
Pseudomonas_fragi,0
Clostridium_hiranonis,0
Clostridium_collagenovorans,0
Pseudomonas_moraviensis,0
Clostridium_gasigenes,0
Clostridium_frigidicarnis,0
Clostridium_fimetarium,0
Clostridium_fallax,0
Pseudomonas_oleovorans,0
Clostridium_cylindrosporum,0
Corynebacterium_pyruviciproducens,0
Corynebacterium_segmentosum,0
Corynebacterium_simulans,0
Dysgonomonas_mossii,0
Pantoea_dispersa,0
Edwardsiella_tarda,0
Edwardsiella_sp_LADL05-105,0
Edwardsiella_sp_EA181011,0
Pantoea_septica,0
Edwardsiella_hoshinae,0
Edwardsiella_anguillarum,0
Dysgonomonas_gadei,0
Paenibacillus_macerans,0
Dysgonomonas_capnocytophagoides,0
Pantoea_sp_At-9b,0
Dubosiella_newyorkensis,0
Pantoea_sp_PSNIH2,0
Paraclostridium_bifermentans,0
Paraprevotella_xylaniphila,0
Pasteurella_multocida,0
Pantoea_alhagi,0
Oxobacter_pfennigii,0
Corynebacterium_singulare,0
Enterobacter_ludwigii,0
Neisseria_subflava,0
Enterobacter_sp_FY-07,0
Neomicrococcus_aestuarii,0
Niameybacter_massiliensis,0
Obesumbacterium_proteus,0
Oceanibaculum_pacificum,0
Oligella_ureolytica,0
Enterobacter_kobei,0
Oxalobacter_formigenes,0
Olsenella_profusa,0
Olsenella_sp_oral_taxon_807,0
Olsenella_umbonata,0
Enterobacter_cloacae,0
Enterobacter_cancerogenus,0
Oscillibacter_ruminantium,0
Empedobacter_brevis,0
Dickeya_sp_Secpp_1600,0
Dickeya_sp_MK7,0
Dickeya_sp_CSL_RW240,0
Peptoniphilus_timonensis,0
Desnuesiella_massiliensis,0
Peptoniphilus_rhinitidis,0
Dehalogenimonas_lykanthroporepellens,0
Peptoniphilus_sp_ING2-D1G,0
Defluviitalea_phaphyphila,0
Dakarella_massiliensis,0
Cutibacterium_avidum,0
Peptoniphilus_urinimassiliensis,0
Dickeya_dianthicola,0
Cronobacter_universalis,0
Cronobacter_turicensis,0
Phocaeicola_abscessus,0
Cronobacter_muytjensii,0
Cronobacter_malonaticus,0
Photorhabdus_asymbiotica,0
Corynebacterium_striatum,0
Peptoniphilus_obesi,0
Peptoniphilus_lacrimalis,0
Desulfomicrobium_orale,0
Peptoniphilus_ivorii,0
Dickeya_dadantii,0
Dickeya_chrysanthemi,0
Pectobacterium_brasiliense,0
Dialister_sp_Marseille-P5638,0
Pediococcus_acidilactici,0
Pelobacter_propionicus,0
Dethiosulfovibrio_peptidovorans,0
Desulfurella_acetivorans,0
Pelomonas_puraquae,0
Peptoclostridium_litorale,0
Peptococcus_niger,0
Desulfovibrio_fairfieldensis,0
Desulfovibrio_desulfuricans,0
Desulfovibrio_cuneatus,0
Peptoniphilus_indolicus,0
nan,0
